county,municipality,zip_cluster,n_listings,median_price,p10_price,p90_price,median_price_per_sqft,median_price_1BR,median_price_2BR,median_price_3BR,median_price_4BR,median_price_5+BR,median_price_Condo_Co-op,median_price_Single Family,median_price_Multi-Family,median_price_Townhouse,median_price_Land,low_sample,price_heat_index
Bergen,Ridgewood,07024,7.0,1026800.0,729640.0,1639760.0000000002,387.2136222910217,,872450.0,987800.0,956700.0,1707050.0,,987800.0,1707050.0,,,True,100.0
Bergen,Ridgewood,07666,5.0,939200.0,629160.0,1249740.0,414.4748455428067,455600.0,914350.0,1289700.0,,1189800.0,455600.0,939200.0,1189800.0,,,True,90.03752985329238
Bergen,Teaneck,07601,5.0,935500.0,292440.0,1282440.0,439.1955098222638,321950.0,,,948050.0,1497000.0,469500.0,960600.0,,,174400.0,True,89.61674058910496
Bergen,Ridgewood,07601,4.0,927550.0,553850.0,1071160.0,422.69992108114013,434300.0,,927550.0,,1092100.0,434300.0,832800.0,1092100.0,1022300.0,,True,88.7126123052428
Bergen,Teaneck,07024,5.0,907600.0,743380.0,1420760.0,365.3488372093023,,907600.0,750400.0,1585600.0,1173500.0,,846550.0,1379550.0,715300.0,,True,86.44376208347549
Morris,Mendham,07960,7.0,902000.0,561420.0,967460.0,334.05,,867600.0,964700.0,,,,833200.0,968150.0,,,True,85.80689184578641
Bergen,Paramus,07631,2.0,897550.0,796710.0,998390.0,414.99705491640975,,771500.0,,,1023600.0,,897550.0,,,,True,85.30080746047992
Bergen,Fair Lawn,07024,12.0,881750.0,543180.0,1271330.0,395.9428666806464,542800.0,917450.0,598400.0,1207700.0,860500.0,,750700.0,1074850.0,855000.0,,False,83.50392357557148
Monmouth,Asbury Park,07712,4.0,877050.0,508950.0,1907350.0000000002,352.00310064884667,818700.0,,376200.0,,1629650.0,,597450.0,1629650.0,,,True,82.96940748322528
Somerset,Bridgewater,08844,12.0,867000.0,225170.00000000003,1111940.0,310.692392963059,200100.0,896600.0,857700.0,901100.0,1375500.0,200100.0,867000.0,1252750.0,,131200.0,False,81.82645286022972
Hudson,Bayonne,07002,8.0,861650.0,357980.0,994150.0,320.9725458480188,873500.0,424200.0,944800.0,,,352300.0,909150.0,,849800.0,879700.0,True,81.21801432958034
Hudson,West New York,07302,7.0,861400.0,448700.0,1005420.0,350.3050020333469,982500.0,277100.0,569400.0,861400.0,903200.0,,903200.0,,566250.0,,True,81.18958262254064
Somerset,Franklin,08844,10.0,854750.0,493150.0,1034230.0,342.34461039450855,,715900.0,733200.0,884250.0,1033300.0,353200.0,854750.0,982100.0,,,False,80.43329921528488
Bergen,Paramus,07450,5.0,846200.0,428140.0,1180020.0,370.3924914675768,,442600.0,1128050.0,,,442600.0,857200.0,,,,True,79.46093483452746
Bergen,Paramus,07024,8.0,834100.0,592500.0,1244430.0,417.4916782949048,318100.0,1412500.0,728100.0,959100.0,721500.0,318100.0,922100.0,,,,True,78.08484021380643
Bergen,Fort Lee,07631,2.0,825250.0,692010.0,958490.0,336.94173423948973,,658700.0,,991800.0,,,825250.0,,,,True,77.07835778460138
Bergen,Fair Lawn,07410,7.0,814200.0,506980.0,1106620.0,412.7319587628866,,619100.0,823500.0,,897000.0,,807450.0,993300.0,,,True,75.82167633344706
Bergen,Ridgewood,07410,4.0,813850.0,335250.0,1235680.0,431.6339161861397,,372550.0,,,1214600.0,279300.0,866550.0,1161900.0,,,True,75.78187194359148
Hudson,Union City,07002,4.0,807200.0,634720.0,1122690.0,360.742625276711,633400.0,,976600.0,,,,976600.0,,,633400.0,True,75.0255885363357
Morris,Mendham,07054,6.0,806750.0,371450.0,999500.0,323.6195056696597,364700.0,721200.0,688700.0,946050.0,,364700.0,892300.0,,,,True,74.97441146366427
Hudson,Hoboken,07002,9.0,804000.0,328880.0,1326640.0,428.42105263157896,,334900.0,804000.0,960650.0,1715600.0,319850.0,832300.0,1715600.0,,,True,74.66166268622769
Bergen,Fort Lee,07410,7.0,801200.0,357200.0,1101980.0,415.1893287435456,318200.0,964900.0,681100.0,823250.0,845400.0,681100.0,823250.0,,,,True,74.34322756738312
Hudson,Bayonne,07047,7.0,792100.0,541500.0,1131900.0000000002,385.0620067643743,888100.0,506100.0,814700.0,,,,777150.0,1497600.0,,,True,73.3083134311384
Morris,Chatham,07928,8.0,789250.0,481580.0,1121790.0,341.285857435092,522200.0,635900.0,942600.0,,1250100.0,454500.0,942600.0,1250100.0,,,True,72.98419197088593
Morris,Morristown,07928,8.0,783850.0,501840.0,931120.0,357.91696973381096,,848600.0,546450.0,,,,718800.0,888700.0,987400.0,,True,72.3700670988286
Bergen,Hackensack,07024,10.0,775250.0,555980.0,1337210.0,387.31686069533544,796350.0,414500.0,775250.0,,1636100.0,414500.0,862750.0,1636100.0,577300.0,984700.0,False,71.39201637666325
Morris,Madison,07960,11.0,771600.0,553900.0,1119700.0,319.2841163310962,,665100.0,614000.0,771600.0,1000150.0,356800.0,772850.0,945650.0,673050.0,,False,70.97691345388377
Bergen,Paramus,07666,3.0,769900.0,472460.0,846620.0,311.5023474178404,398100.0,,817850.0,,,398100.0,817850.0,,,,True,70.78357784601387
Hudson,Jersey City,07093,5.0,767000.0,504940.0,787980.0,303.4812547819434,597400.0,780000.0,767000.0,,,,773500.0,443300.0,,,True,70.45377004435346
Bergen,Fair Lawn,07601,6.0,762800.0,417000.0,976000.0,418.65853664912163,,967100.0,564550.0,984900.0,,,762800.0,,,,True,69.97611736608665
Somerset,Bernards,08807,8.0,762250.0,341870.0,1003960.0,303.7835782340918,335250.0,844800.0,722600.0,,,381200.0,900000.0,,,351800.0,True,69.91356761059933
Bergen,Hackensack,07410,4.0,762100.0,338870.0,1097480.0,398.9411226126348,,396250.0,1065200.0,,,252800.0,539700.0,,1065200.0,,True,69.89650858637553
Essex,Montclair,07003,6.0,759350.0,196900.0,916250.0,329.2582573866605,151400.0,750300.0,519300.0,768400.0,1036300.0,151400.0,759350.0,1036300.0,,,True,69.58375980893892
Bergen,Fort Lee,07652,5.0,758000.0,252160.0,1077640.0,482.9633453794528,210000.0,315400.0,1053950.0,758000.0,,262700.0,1053950.0,,758000.0,,True,69.4302285909246
Bergen,Englewood,07601,8.0,754300.0,422190.0,916120.0,359.67497374082217,,629600.0,754300.0,868200.0,,400000.0,861350.0,,654100.0,,True,69.00943932673718
Bergen,Fort Lee,07666,8.0,753500.0,419170.0,999760.0,378.11307011588025,466900.0,818200.0,668650.0,1193800.0,688800.0,387350.0,688800.0,1019750.0,,916600.0,True,68.91845786421015
Bergen,Fort Lee,07450,8.0,741950.0,546670.0,989419.9999999999,406.3911866066738,,686700.0,705650.0,647600.0,817800.0,,797200.0,,610900.0,,True,67.60491299897645
Hudson,Bayonne,07030,9.0,738900.0,524180.0,989300.0,356.4151850072081,,844200.0,741700.0,532500.0,735500.0,,740300.0,735500.0,,,True,67.25804617309224
Monmouth,Manalapan,07740,9.0,736000.0,338460.0,944140.0,335.73153066151616,166300.0,912200.0,811150.0,705500.0,,166300.0,886300.0,736000.0,,,True,66.92823837143183
Somerset,Hillsborough,07920,11.0,733900.0,388100.0,1026700.0,314.3355288647811,620200.0,733900.0,610300.0,921800.0,,346900.0,620200.0,811300.0,,,False,66.68941203229842
Bergen,Hackensack,07652,4.0,733350.0,420490.0,1231360.0,350.5610524443532,,304000.0,733350.0,,1427200.0,304000.0,1427200.0,,733350.0,,True,66.6268622768111
Morris,Morristown,07869,9.0,729700.0,351240.0,935660.0,343.8737040527804,362900.0,446800.0,469600.0,885200.0,918150.0,362900.0,729700.0,947100.0,,,True,66.21175935403161
Essex,Newark,07052,8.0,729350.0,349720.0,1149830.0,346.3404492960442,,377200.0,,712450.0,1131200.0,331400.0,742850.0,1009500.0,,,True,66.17195496417605
Bergen,Fort Lee,07601,9.0,728200.0,414000.0,1237180.0,393.48623853211006,428900.0,710350.0,631850.0,,1350850.0,454450.0,818750.0,1540300.0,,,True,66.04116911179347
Union,Plainfield,07060,6.0,727500.0,277600.0,1075850.0,300.07326806011156,,,727500.0,,,221700.0,727500.0,1149900.0,,,True,65.96156033208233
Hudson,West New York,07030,9.0,721800.0,550000.0,898400.0,328.7642345002109,,853000.0,779500.0,562400.0,,708900.0,697950.0,787400.0,,,True,65.3133174115774
Hudson,West New York,07002,8.0,720550.0,309360.0,1025939.9999999999,300.4119142523003,,651000.0,818000.0,517800.0,,280800.0,727100.0,,,,True,65.17115887637893
Monmouth,Manalapan,07726,8.0,711500.0,379520.0,993800.0,316.9526530824627,1003600.0,507000.0,533500.0,913000.0,,429200.0,750400.0,,,,True,64.14193108154214
Hudson,North Bergen,07047,11.0,707300.0,556000.0,918400.0,364.01954795357364,655400.0,595900.0,772200.0,825300.0,,,825300.0,707300.0,696550.0,655400.0,False,63.66427840327532
Hudson,Hoboken,07030,8.0,707100.0,481290.0,1192610.0,326.1189206940557,354100.0,742200.0,867000.0,535800.0,,354100.0,742200.0,1047850.0,698800.0,,True,63.64153303764357
Morris,Madison,07940,8.0,704350.0,512140.0,889130.0,358.1362846999317,,705300.0,703400.0,,,,703400.0,850600.0,,,True,63.32878426020697
Hudson,Jersey City,07047,8.0,700700.0,423790.0,1256350.0,336.5611207509761,,403450.0,639900.0,1067900.0,1205800.0,403450.0,845000.0,1205800.0,515200.0,,True,62.913681337427484
Passaic,Hawthorne,07506,9.0,699600.0,429360.0,825440.0,265.7431673530513,803600.0,334000.0,779700.0,527400.0,638600.0,,704700.0,638600.0,,,True,62.78858182645285
Monmouth,Long Branch,07712,13.0,699400.0,363860.0,841580.0,292.8998803350618,488800.0,386300.0,743550.0,745550.0,,292200.0,743550.0,791700.0,423700.0,488800.0,False,62.76583646082111
Somerset,Hillsborough,08876,7.0,699100.0,440660.0,980920.0000000001,340.69200779727095,,1091800.0,686600.0,,,,686600.0,828200.0,,,True,62.731718412373475
Bergen,Englewood,07666,11.0,698900.0,301600.0,1034900.0,355.02369668246445,301000.0,749100.0,597600.0,,1230050.0,301300.0,701700.0,,724000.0,,False,62.708973046741725
Cape May,Ocean City,08260,8.0,691100.0,377000.0,875180.0,281.39467818775285,610150.0,778200.0,626800.0,611600.0,,374200.0,778200.0,,483000.0,,True,61.82190378710337
Bergen,Hackensack,07450,8.0,690100.0,284590.0,1092240.0,405.24144296909776,367600.0,643600.0,997800.0,582400.0,1312600.0,309400.0,865900.0,1312600.0,643600.0,736600.0,True,61.708176958944605
Monmouth,Manalapan,07701,7.0,689600.0,562300.0,1214200.0000000002,351.8392370572207,644100.0,,861300.0,762150.0,,,689600.0,,949800.0,644100.0,True,61.651313544865225
Morris,Chatham,07940,6.0,687500.0,470950.0,909050.0,341.6382117049154,394800.0,652800.0,909050.0,,,,799750.0,,652800.0,394800.0,True,61.41248720573182
Somerset,Bernards,08873,16.0,684750.0,293900.0,1096650.0,326.1385516868787,293900.0,545100.0,756350.0,848100.0,710900.0,293900.0,684750.0,826200.0,545100.0,,False,61.099738428295225
Cape May,Cape May,08202,7.0,684300.0,352040.0,886360.0,302.6950354609929,345800.0,656050.0,,822050.0,935500.0,345800.0,809900.0,790500.0,740700.0,,True,61.04856135562379
Morris,Mendham,07869,5.0,682900.0,539960.0,1025380.0,349.30946291560105,481200.0,1006850.0,655500.0,,,,682900.0,,,,True,60.88934379620152
Bergen,Paramus,07601,8.0,682150.0,264000.0,1230530.0,393.6727891473591,,356500.0,,1005500.0,,326450.0,1106300.0,,,,True,60.80404867508244
Hunterdon,Readington,08822,9.0,680700.0,407320.0,776840.0,285.7014388489209,680700.0,294200.0,658900.0,750900.0,,294200.0,681550.0,,696900.0,,True,60.63914477425223
Morris,Randolph,07940,9.0,679500.0,484960.0,740240.0,333.12802463704355,757200.0,658300.0,553850.0,736000.0,679500.0,,637300.0,720000.0,689800.0,,True,60.50267258046173
Hudson,West New York,07047,10.0,678050.0,334880.0,917989.9999999999,313.8576086956522,345900.0,810100.0,746700.0,1233800.0,,345900.0,722150.0,746700.0,846500.0,,False,60.33776867963152
Essex,Livingston,07042,4.0,672850.0,379500.0,1019330.0,350.63804387368396,371700.0,723800.0,948000.0,,,,397700.0,1049900.0,,,True,59.74638917320596
Hudson,Jersey City,07002,10.0,670700.0,355880.0,1006969.9999999999,329.27533420864165,350500.0,818300.0,670700.0,1365800.0,492500.0,281900.0,694500.0,1365800.0,519200.0,,False,59.50187649266462
Bergen,Ridgewood,07652,3.0,670500.0,570180.0,854740.0,382.4871648602396,,670500.0,,,722950.0,,607800.0,900800.0,,,True,59.47913112703286
Cape May,Avalon,08226,8.0,670350.0,407790.0,1203890.0,343.6644891480204,670350.0,388050.0,779900.0,,1559700.0,338700.0,609400.0,1559700.0,,731300.0,True,59.46207210280904
Essex,Montclair,07102,13.0,669500.0,274520.0,893420.0,271.53742716270733,282500.0,590400.0,709900.0,837450.0,755300.0,282500.0,689450.0,906500.0,,,False,59.365404298874104
Somerset,Hillsborough,08873,16.0,669150.0,319150.0,1077250.0,335.9587054981864,346600.0,497800.0,800100.0,1006100.0,1014350.0,319150.0,800100.0,967500.0,,,False,59.325599909018536
Essex,West Orange,07017,7.0,665000.0,433100.0,864940.0,346.7153284671533,,665000.0,438700.0,662700.0,809400.0,,665000.0,809400.0,424700.0,,True,58.853633572159666
Monmouth,Freehold,07740,1.0,661700.0,661700.0,661700.0,322.46588693957113,,,661700.0,,,,661700.0,,,,True,58.47833503923574
Monmouth,Red Bank,07726,5.0,659900.0,280320.0,942400.0,299.2254733218589,,235400.0,914200.0,659900.0,,347700.0,787050.0,,,,True,58.27362674854998
Hudson,Union City,07047,11.0,659700.0,479100.0,996500.0,350.7177033492823,,580100.0,968400.0,503050.0,,485800.0,910000.0,,818300.0,,False,58.25088138291823
Monmouth,Long Branch,07726,10.0,658600.0,290060.0,873889.9999999999,358.8583048907601,428600.0,,517800.0,855400.0,650200.0,307200.0,756600.0,650200.0,,808400.0,False,58.12578187194358
Monmouth,Red Bank,07701,6.0,655600.0,418100.0,1122850.0,377.967057368886,,235200.0,655600.0,,1423500.0,235200.0,743600.0,,601000.0,,True,57.784601387467305
Hunterdon,Tewksbury,08809,8.0,655050.0,350070.0,748980.0,326.50530498612045,457050.0,570600.0,663400.0,695900.0,,326450.0,695900.0,,555800.0,,True,57.72205163197997
Somerset,Bernards,07920,11.0,652700.0,309100.0,982200.0,315.9552845528455,,729600.0,505350.0,559900.0,,,701600.0,652700.0,559900.0,,False,57.4547935858069
Hudson,Hoboken,07302,11.0,651900.0,464900.0,1046400.0,388.33515881708655,505700.0,575200.0,611800.0,948050.0,,,651900.0,,575200.0,709100.0,False,57.36381212327988
Bergen,Hackensack,07666,8.0,649850.0,473280.0,1103610.0,364.4016380838157,,608000.0,681400.0,1165950.0,,473400.0,834800.0,,613150.0,,True,57.130672125554405
Morris,Morristown,07945,12.0,648300.0,297740.0,822930.0,334.9575321982121,207750.0,648300.0,745150.0,,,207750.0,722000.0,,697400.0,,False,56.95439554190833
Hunterdon,Lambertville,08809,6.0,643450.0,434250.0,831300.0,310.77410851220674,746200.0,916400.0,499050.0,478500.0,678800.0,,643450.0,478500.0,,746200.0,True,56.40282042533834
Bergen,Paramus,07652,6.0,643100.0,543000.0,1280400.0,411.18301138938983,653600.0,,832700.0,586000.0,,576800.0,632600.0,1528000.0,,,True,56.36301603548277
Cape May,Stone Harbor,08247,10.0,642550.0,303110.0,1104010.0,320.2231956612432,432650.0,651700.0,1168900.0,,1096800.0,305600.0,703050.0,1096800.0,768700.0,,False,56.30046627999544
Cape May,Ocean City,08204,6.0,640150.0,432750.0,948650.0,377.8405681904361,,655400.0,726000.0,640150.0,,,640150.0,,,,True,56.02752189241441
Hudson,West New York,07087,9.0,640000.0,337300.0,887000.0,426.93333333333334,,384050.0,640000.0,797500.0,,384050.0,640000.0,640400.0,870100.0,,True,56.010462868190594
Bergen,Fair Lawn,07652,8.0,635300.0,262040.0,1316520.0,430.20684482222237,262500.0,648200.0,743150.0,,1269900.0,302600.0,863900.0,1269900.0,622400.0,,True,55.47594677584442
Morris,Chatham,07869,6.0,633300.0,543600.0,833200.0,360.26750589072384,,630400.0,636200.0,,,,630400.0,,878100.0,,True,55.248493119526884
Morris,Mendham,07940,7.0,631300.0,218060.0,1004680.0,386.24548736462094,292200.0,631300.0,231100.0,1069900.0,961200.0,245350.0,827600.0,,631300.0,,True,55.02103946320936
Hudson,North Bergen,07093,7.0,631200.0,370200.0,960100.0,312.71317829457365,631200.0,701400.0,564700.0,,,320400.0,886900.0,,515900.0,,True,55.009666780393495
Monmouth,Freehold,07712,13.0,631100.0,498500.0,1051260.0,320.69271758436946,526500.0,561400.0,635700.0,818500.0,1031500.0,,759550.0,,,526500.0,False,54.998294097577606
Union,Westfield,07901,7.0,630700.0,225020.0,833100.0,315.25679758308155,,208050.0,816100.0,743900.0,626100.0,123200.0,687300.0,,,,True,54.95280336631411
Morris,Chatham,07960,6.0,629800.0,312200.0,715300.0,333.61987145172986,292200.0,678000.0,691600.0,581600.0,,332200.0,684800.0,,,292200.0,True,54.85044922097122
Monmouth,Long Branch,07748,8.0,628700.0,438440.0,675170.0,292.6274148284722,516500.0,628700.0,671700.0,,,,633900.0,,,256300.0,True,54.725349709996586
Bergen,Hackensack,07631,11.0,625800.0,437600.0,1048300.0,382.51833740831296,438500.0,510000.0,689700.0,984900.0,,437600.0,657750.0,1133900.0,1048300.0,,False,54.39554190833616
Essex,West Orange,07102,8.0,625750.0,373240.0,745340.0,276.9630616249432,109900.0,745700.0,603200.0,629850.0,,109900.0,640900.0,,674000.0,,True,54.389855566928226
Hudson,Bayonne,07093,6.0,624250.0,290850.0,1111550.0,353.3595867024416,,388200.0,856500.0,,936350.0,193500.0,681300.0,742400.0,,,True,54.21926532469009
Middlesex,Woodbridge,08820,8.0,624050.0,253910.0,968159.9999999999,271.0895442993085,198400.0,486400.0,625400.0,691000.0,1454800.0,198400.0,625400.0,1454800.0,277700.0,,True,54.19651995905833
Hudson,Jersey City,07302,7.0,623500.0,461480.0,816900.0,333.55674709562106,746500.0,559750.0,642050.0,666100.0,,496000.0,647500.0,,,,True,54.133970203571025
Union,Summit,07083,4.0,623250.0,464480.0,837600.0,269.2914395364156,529300.0,436700.0,889200.0,717200.0,,,717200.0,,436700.0,,True,54.10553849653134
Cape May,Stone Harbor,08202,14.0,622900.0,290730.0,961610.0000000001,321.0476545974866,286200.0,585600.0,689550.0,766900.0,1009400.0,286200.0,661650.0,766900.0,668850.0,,False,54.065734106675755
Hunterdon,Tewksbury,08822,11.0,622700.0,277100.0,824200.0,306.59773510585916,173600.0,,583800.0,772800.0,629600.0,,632900.0,622700.0,444000.0,,False,54.042988741044006
Cape May,Stone Harbor,08204,9.0,622100.0,315260.0,1008180.0000000001,351.85185185185185,332500.0,510150.0,523600.0,904400.0,1045100.0,289400.0,622100.0,1042950.0,,,True,53.97475264414875
Bergen,Englewood,07024,7.0,622000.0,404760.0,854820.0,419.3258426966292,385150.0,905100.0,590900.0,,742700.0,385150.0,643050.0,821300.0,,,True,53.96337996133288
Essex,Montclair,07017,2.0,621250.0,434250.0,808250.0,334.6003603526419,387500.0,,,855000.0,,387500.0,855000.0,,,,True,53.87808484021379
Hudson,Union City,07093,14.0,621150.0,552560.0,1131500.0,356.3621111424926,605100.0,562500.0,690500.0,622800.0,1992600.0,,619450.0,1307700.0,,742550.0,False,53.86671215739792
Morris,Morristown,07960,5.0,621100.0,343980.0,986640.0,372.613849033063,,559250.0,458200.0,1194600.0,,,458200.0,1194600.0,559250.0,,True,53.86102581598999
Morris,Chatham,07054,4.0,618500.0,425340.0,671660.0,344.943182262008,356100.0,618500.0,,680900.0,,356100.0,665500.0,586900.0,,,True,53.56533606277721
Monmouth,Asbury Park,07728,13.0,616200.0,270260.0,861480.0,297.8,339300.0,640500.0,615800.0,793850.0,774000.0,253000.0,765100.0,774000.0,670800.0,,False,53.30376435801205
Monmouth,Middletown,07740,11.0,614600.0,370500.0,1404000.0,343.42560553633217,460000.0,430300.0,391800.0,638300.0,1469700.0,460000.0,430300.0,1469700.0,631500.0,,False,53.12180143295804
Bergen,Teaneck,07450,5.0,613100.0,477180.0,919660.0,408.1890812250333,,764200.0,613100.0,,513900.0,,613100.0,,,,True,52.951211190719896
Union,Plainfield,07083,4.0,612750.0,456790.0,736440.0,284.62586101743557,,612750.0,,,,,735200.0,,467250.0,,True,52.91140680086433
Cape May,Avalon,08247,14.0,610800.0,415200.0,967280.0000000001,290.78884930980917,775100.0,985700.0,607650.0,466100.0,,,625900.0,,410700.0,924300.0,False,52.68963948595473
Hudson,Bayonne,07087,8.0,610050.0,424390.0,918769.9999999999,416.5466337887119,308400.0,610200.0,635200.0,,,308400.0,610050.0,,796100.0,,True,52.604344364835654
Monmouth,Asbury Park,07740,8.0,609250.0,280570.0,896350.0,281.6861437052038,515100.0,947800.0,515400.0,,,155900.0,703100.0,,731600.0,,True,52.51336290230866
Morris,Randolph,07945,7.0,608900.0,371860.0,1017100.0,336.5948037589829,,599300.0,695800.0,806600.0,630800.0,355300.0,743800.0,,,,True,52.47355851245308
Essex,Newark,07003,5.0,608500.0,524840.0,714980.0,340.2604166666667,,,610850.0,608500.0,,,608500.0,,662250.0,,True,52.42806778118958
Hudson,North Bergen,07087,9.0,608200.0,406300.0,795380.0,355.3876157971721,344500.0,642000.0,625900.0,795950.0,,544750.0,586350.0,983700.0,,,True,52.39394973274195
Hudson,Hoboken,07087,9.0,608200.0,393260.0,1058620.0,308.3398285268901,389750.0,,555600.0,898600.0,1323900.0,395600.0,898600.0,,555600.0,,True,52.39394973274195
Hudson,Hoboken,07093,6.0,606450.0,253350.0,835900.0,307.83739697802196,419150.0,489950.0,786600.0,,,365700.0,835900.0,598700.0,614200.0,141000.0,True,52.19492778346412
Somerset,Bernards,08844,10.0,606300.0,412060.0,809920.0,295.2673004164076,563600.0,625700.0,526550.0,849850.0,,397600.0,563600.0,941500.0,640200.0,,False,52.1778687592403
Hunterdon,Clinton,07830,9.0,605300.0,294780.0,1010360.0,299.8407643312102,,605300.0,304900.0,941500.0,985700.0,294000.0,941500.0,1047350.0,567250.0,,True,52.06414193108153
Hudson,Union City,07030,9.0,605100.0,450960.0,798460.0,339.3162393162393,605100.0,487900.0,635200.0,870550.0,,348800.0,635200.0,,,605100.0,True,52.04139656544978
Hudson,Union City,07302,9.0,604900.0,452120.0,1072820.0,324.59797498511017,523000.0,648300.0,574950.0,,744300.0,379800.0,648300.0,,470200.0,,True,52.018651199818045
Hunterdon,Tewksbury,07830,13.0,604800.0,430020.0,879480.0000000001,300.42536736272234,551400.0,521000.0,712550.0,978900.0,524200.0,,649100.0,978900.0,521000.0,,False,52.007278517002156
Bergen,Englewood,07652,10.0,603500.0,311850.0,981420.0,394.5767335824866,359500.0,733650.0,929000.0,,,323200.0,915100.0,,760300.0,,False,51.85943364039577
Somerset,Hillsborough,08807,18.0,603200.0,330890.0,1009330.0000000002,318.2547261388851,307200.0,604850.0,626700.0,608700.0,408000.0,,603200.0,1493900.0,,167600.0,False,51.825315591948126
Cape May,Ocean City,08247,15.0,596000.0,266540.0,826660.0,315.4390934844193,269300.0,445400.0,661000.0,668550.0,,257500.0,649700.0,,616600.0,,False,51.00648242920505
Hudson,North Bergen,07302,6.0,595250.0,338150.0,748600.0,333.6561755249786,575100.0,228400.0,693100.0,615400.0,,228400.0,654250.0,,447900.0,,True,50.92118730808598
Cape May,Wildwood,08226,10.0,594750.0,309790.0,1153759.9999999998,326.3147709321498,,320200.0,817200.0,1117100.0,1017600.0,319400.0,817200.0,1483700.0,479100.0,,False,50.86432389400658
Hunterdon,Lambertville,08822,9.0,594700.0,526740.0,903140.0,290.4507998061076,,599200.0,581000.0,670550.0,,,594700.0,,,,True,50.85863755259865
Union,Plainfield,07016,7.0,593000.0,323860.0,1388380.0,273.6248236953456,862250.0,230500.0,593000.0,,1597900.0,308300.0,593000.0,1597900.0,,1248700.0,True,50.66530194472876
Union,Union,07201,7.0,591400.0,340140.0,714420.0,331.0057321521626,,,635200.0,519500.0,337500.0,,635200.0,,430700.0,,True,50.483339019674744
Monmouth,Red Bank,07728,8.0,591150.0,347680.0,791880.0,336.04502289919964,,394600.0,676000.0,650300.0,532000.0,394600.0,650300.0,997400.0,493900.0,,True,50.45490731263506
Cape May,Wildwood,08260,10.0,590550.0,174320.0,765280.0,327.9217993079585,214600.0,605050.0,732400.0,566100.0,,175400.0,743800.0,,593300.0,,False,50.38667121573979
Passaic,Wayne,07011,8.0,589700.0,254420.0,757990.0,281.9630084759114,556000.0,,318300.0,656800.0,,196600.0,589700.0,,,958400.0,True,50.290003411804854
Union,Elizabeth,07201,9.0,589000.0,268260.0,752080.0,334.4690516751846,390950.0,429150.0,664200.0,,720500.0,328350.0,656400.0,,,192900.0,True,50.21039463209371
Cape May,Cape May,08204,13.0,588800.0,402780.0,1056980.0000000002,309.11032028469754,343600.0,585000.0,626050.0,1018100.0,,466400.0,739100.0,,,,False,50.18764926646197
Monmouth,Middletown,07726,7.0,588400.0,357700.0,869320.0,273.19535588086825,,468650.0,840350.0,,865000.0,300100.0,696650.0,865000.0,541200.0,,True,50.142158535198455
Union,Union,07060,9.0,588300.0,296420.0,727920.0,294.5918878317476,,508950.0,652150.0,662900.0,,300100.0,648000.0,,435000.0,,True,50.13078585238257
Ocean,Lakewood,08759,5.0,587500.0,372160.0,7395760.000000001,283.51698806244264,,478050.0,6266050.0,,377500.0,,587500.0,,,,True,50.03980438985557
Morris,Mendham,07945,6.0,586200.0,263250.0,1094100.0,312.48580231138374,141400.0,486600.0,630200.0,1512100.0,,141400.0,632100.0,,385100.0,,True,49.89195951324917
Mercer,Trenton,08619,9.0,585000.0,285440.0,775720.0,260.3758809710258,,316850.0,665450.0,,880600.0,332500.0,585000.0,880600.0,,,True,49.75548731945866
Somerset,Bridgewater,08873,12.0,583500.0,238090.0,829750.0,330.55710353512734,238500.0,610900.0,562400.0,764500.0,1205300.0,238500.0,610900.0,,559800.0,,False,49.58489707722051
Monmouth,Freehold,07726,14.0,583400.0,317070.0,822510.0000000001,306.6154057878048,438800.0,264900.0,697500.0,909600.0,622300.0,264900.0,697500.0,732800.0,618500.0,,False,49.573524394404636
Monmouth,Middletown,07728,3.0,582700.0,475580.0,1448620.0,330.4860088365243,,448800.0,582700.0,,1665100.0,,582700.0,1665100.0,448800.0,,True,49.49391561469351
Union,Cranford,07060,3.0,581900.0,481180.0,585420.0,266.25794732061763,,,584100.0,456000.0,,,521150.0,,581900.0,,True,49.402934152166495
Hudson,Jersey City,07087,7.0,581400.0,399680.0,1044520.0,405.2497265767408,324800.0,535200.0,629800.0,1111600.0,,430000.0,678200.0,,,,True,49.346070738087114
Cape May,Ocean City,08226,9.0,580600.0,395100.0,816280.0,266.69728984841527,420500.0,571500.0,580600.0,,1022600.0,,500550.0,1022600.0,393100.0,654800.0,True,49.25508927556011
Morris,Randolph,07869,3.0,579900.0,288620.0,695500.0,311.2721417069243,,215800.0,724400.0,579900.0,,,579900.0,,,,True,49.17548049584897
Bergen,Ridgewood,07631,3.0,576400.0,370240.0,768960.0,354.05405405405406,,447550.0,817100.0,,,447550.0,817100.0,,,,True,48.7774365972933
Monmouth,Red Bank,07740,7.0,576400.0,404160.0,909440.0,337.38156761412574,,663100.0,479400.0,791400.0,,291300.0,679900.0,1006400.0,479400.0,,True,48.7774365972933
Bergen,Paramus,07410,8.0,574800.0,313310.0,797520.0,374.2449448091445,,478750.0,530700.0,757800.0,737450.0,530700.0,564900.0,737450.0,,,True,48.59547367223928
Passaic,Clifton,07011,15.0,574300.0,291060.0,640680.0,247.59036144578315,298800.0,551000.0,574300.0,595800.0,,248800.0,574850.0,,586600.0,,False,48.538610258159906
Hudson,Jersey City,07030,7.0,573200.0,304980.0,896300.0,351.20702267739574,196800.0,853700.0,462450.0,573200.0,,196800.0,700750.0,573200.0,580600.0,,True,48.41351074718527
Hudson,North Bergen,07030,5.0,571500.0,333300.0,1408360.0,370.6,571500.0,185300.0,555300.0,1551000.0,1194400.0,185300.0,571500.0,1372700.0,555300.0,,True,48.22017513931536
Morris,Morristown,07054,5.0,570600.0,354880.0,1091740.0,327.9310344827586,505250.0,298200.0,1160900.0,,988000.0,439900.0,,1074450.0,,,True,48.11782099397247
Cape May,Ocean City,08202,11.0,570500.0,288400.0,1050700.0,333.05489260143196,307150.0,698800.0,810600.0,661300.0,,288400.0,701100.0,,634650.0,445300.0,False,48.1064483111566
Monmouth,Manalapan,07748,4.0,566700.0,371560.0,1232730.0000000002,388.32551068863313,291700.0,,,566700.0,1514400.0,,557900.0,1514400.0,,,True,47.6742863641533
Essex,Newark,07039,5.0,565500.0,392720.0,813120.0,274.7813411078717,,,607500.0,529700.0,,,565500.0,,,,True,47.537814170362786
Union,Summit,07090,5.0,565000.0,426720.0,647760.0,266.6828322017459,344600.0,649200.0,565000.0,,,344600.0,645600.0,,565000.0,,True,47.480950756283406
Monmouth,Freehold,07728,12.0,564900.0,422890.0,741490.0,304.67835082463137,,417500.0,593000.0,593200.0,748300.0,360400.0,649450.0,559150.0,526900.0,,False,47.46957807346753
Essex,East Orange,07102,11.0,564600.0,385400.0,853900.0,282.9662261380323,555600.0,495200.0,564600.0,981400.0,,239700.0,555600.0,,657200.0,853900.0,False,47.43546002501989
Middlesex,Woodbridge,08901,5.0,563400.0,380180.0,700640.0,253.95799676898224,563400.0,592600.0,,,,367500.0,563400.0,,,572600.0,True,47.29898783122938
Cape May,Cape May,08247,12.0,563350.0,320670.0,829530.0,275.1595457657592,275800.0,500300.0,597000.0,548200.0,,308100.0,597000.0,,475800.0,,False,47.29330148982144
Union,Cranford,07201,4.0,559100.0,372050.0,670690.0,264.96809294142906,465500.0,332000.0,678400.0,652700.0,,,559100.0,,,,True,46.809962470146715
Monmouth,Long Branch,07728,13.0,558600.0,382420.0,722360.0,288.7248872488725,394100.0,419800.0,626900.0,791700.0,,386800.0,630300.0,,,,False,46.753099056067335
Ocean,Lakewood,08742,9.0,558500.0,273480.0,849160.0,290.42071197411,225400.0,558500.0,576750.0,626600.0,561300.0,225400.0,558500.0,837100.0,,,True,46.74172637325144
Union,Plainfield,07201,11.0,558400.0,227100.0,1028200.0,281.40495867768595,227100.0,533250.0,560400.0,544800.0,1028200.0,227100.0,558400.0,1091550.0,404300.0,,False,46.73035369043557
Hunterdon,Flemington,08889,12.0,558200.0,262880.0,1018850.0000000001,318.75936605967036,531500.0,364400.0,544400.0,,1188600.0,251600.0,558200.0,1335300.0,,,False,46.70760832480382
Hunterdon,Tewksbury,08889,7.0,554500.0,338440.0,681520.0,264.6551724137931,340000.0,586550.0,383800.0,668650.0,,340000.0,556800.0,,,,True,46.28681906061641
Hunterdon,Readington,08889,15.0,554300.0,289480.0,712920.0,256.2130177514793,325900.0,434700.0,583200.0,640700.0,1151900.0,325900.0,583200.0,1151900.0,554300.0,265200.0,False,46.264073694984646
Morris,Madison,07054,4.0,553850.0,440510.0,868720.0000000001,339.9245896223913,393200.0,550900.0,1002400.0,,556800.0,,550900.0,,1002400.0,,True,46.21289662231321
Essex,Montclair,07039,10.0,553200.0,329360.0,770980.0,298.2691931061496,,,473750.0,489450.0,777700.0,,593800.0,,434900.0,,False,46.13897418401001
Somerset,Bridgewater,08876,16.0,551300.0,383000.0,913350.0,304.1168962363316,365600.0,531500.0,601300.0,912200.0,,365600.0,620900.0,736550.0,464600.0,,False,45.922893210508356
Cape May,Avalon,08260,9.0,550900.0,339480.0,655000.0,266.76276771004945,393600.0,393300.0,550900.0,646150.0,,,550900.0,,538750.0,,True,45.877402479244864
Somerset,Hillsborough,08844,17.0,550900.0,356680.0,852440.0,323.9324726911619,448200.0,516950.0,557750.0,474800.0,890600.0,351000.0,579400.0,1243750.0,468950.0,,False,45.877402479244864
Middlesex,Piscataway,08857,9.0,550700.0,233560.0,603240.0,232.64417845484223,442100.0,580200.0,,521600.0,,213800.0,561550.0,487100.0,,238500.0,True,45.8546571136131
Essex,West Orange,07003,12.0,546900.0,337540.0,846670.0,303.8524682294083,382800.0,387550.0,750700.0,,853800.0,307100.0,558850.0,988400.0,363100.0,552500.0,False,45.4224951666098
Union,Summit,07201,5.0,546100.0,434960.0,706600.0,267.0319634703196,,542700.0,686300.0,365400.0,,,584800.0,,542700.0,,True,45.3315137040828
Bergen,Ridgewood,07450,8.0,545800.0,358660.0,1358560.0,400.24524520655143,,461500.0,497250.0,961350.0,1621200.0,329300.0,569100.0,1433600.0,545800.0,,True,45.297395655635164
Monmouth,Asbury Park,07726,9.0,545300.0,401240.0,944440.0000000001,350.74340527577937,355800.0,545300.0,531500.0,,1533000.0,355800.0,550400.0,,545300.0,,True,45.24053224155578
Monmouth,Long Branch,07701,12.0,544700.0,366400.0,827500.0000000001,301.5725541589342,533700.0,526350.0,555700.0,,,310700.0,516200.0,1242800.0,552250.0,691900.0,False,45.17229614466053
Essex,Montclair,07052,14.0,543250.0,268960.0,826760.0000000001,304.5634357922959,391000.0,578500.0,624700.0,474150.0,,230750.0,578500.0,,,517000.0,False,45.007392243830324
Somerset,Somerville,07920,8.0,543100.0,412600.0,640430.0,280.1289616666212,638000.0,495300.0,,422900.0,624400.0,504450.0,624400.0,,422900.0,,True,44.99033321960651
Passaic,Hawthorne,07470,16.0,541500.0,224800.0,1008250.0,261.8106792960148,,418600.0,458000.0,551500.0,1008250.0,201000.0,551500.0,1008250.0,520500.0,,False,44.80837029455249
Sussex,Vernon,07843,9.0,541400.0,343960.0,689860.0,212.85604311008467,363300.0,553000.0,584200.0,,,,547200.0,,311400.0,,True,44.79699761173661
Hudson,Union City,07087,5.0,540200.0,397340.0,709920.0,320.9744503862151,310900.0,540200.0,687400.0,,527000.0,310900.0,557500.0,,,,True,44.6605254179461
Essex,Bloomfield,07003,8.0,540050.0,461400.0,635340.0,302.48356025972305,,514000.0,548100.0,525550.0,,343800.0,571900.0,,540800.0,,True,44.64346639372228
Union,Elizabeth,07016,8.0,538250.0,400110.0,938250.0,259.6379083313418,,409100.0,581900.0,660750.0,1054100.0,323600.0,443500.0,620300.0,494600.0,,True,44.4387581030365
Morris,Parsippany,07945,6.0,538200.0,278500.0,877200.0,340.3362416107383,164900.0,632200.0,640800.0,,,278500.0,538200.0,917000.0,837400.0,,True,44.43307176162857
Monmouth,Long Branch,07740,8.0,535900.0,283290.0,597400.0,292.5405982835641,541900.0,424250.0,555200.0,,,401000.0,535900.0,,555200.0,,True,44.17150005686341
Hunterdon,Clinton,08822,11.0,535100.0,389900.0,689200.0,272.5833804409271,434800.0,580000.0,535100.0,526350.0,,436050.0,539500.0,689200.0,,,False,44.080518594336404
Middlesex,East Brunswick,08854,1.0,534800.0,534800.0,534800.0,356.53333333333336,,,,,534800.0,,,534800.0,,,True,44.04640054588877
Middlesex,Edison,08857,12.0,534750.0,300630.0,656330.0,225.4852863529569,595350.0,617900.0,516350.0,391800.0,,193600.0,536400.0,,,,False,44.04071420448084
Monmouth,Middletown,07712,12.0,534550.0,423860.0,978970.0000000001,292.12374203812976,420400.0,550700.0,503850.0,1220400.0,700600.0,317800.0,577300.0,700600.0,529550.0,420400.0,False,44.01796883884908
Union,Summit,07060,10.0,534250.0,338040.0,609220.0,277.62027268683994,214200.0,563250.0,522800.0,558500.0,496800.0,214200.0,545700.0,496800.0,580800.0,,False,43.98385079040145
Somerset,Bridgewater,08807,11.0,533300.0,251100.0,757500.0,363.9026812313803,433950.0,532400.0,533300.0,1634700.0,,173200.0,538000.0,1634700.0,251100.0,,False,43.87581030365064
Cape May,Avalon,08202,9.0,533300.0,422400.0,644880.0,289.67952199891363,,488800.0,517600.0,,667350.0,411600.0,583300.0,,525450.0,,True,43.87581030365064
Monmouth,Manalapan,07712,11.0,533300.0,299300.0,1062200.0,339.3876130828114,354000.0,467650.0,1393200.0,745200.0,,354000.0,903700.0,,529550.0,570700.0,False,43.87581030365064
Essex,Livingston,07003,7.0,533000.0,383960.0,845220.0000000002,334.14285714285717,,654700.0,358950.0,562900.0,,,533000.0,,,,True,43.84169225520299
Bergen,Englewood,07450,9.0,531700.0,381060.0,1275440.0,411.43724696356276,343950.0,524500.0,670350.0,1424150.0,1142700.0,468750.0,670350.0,1159500.0,,282100.0,True,43.693847378596615
Union,Union,07901,5.0,529800.0,261620.0,583680.0,249.43502824858757,,486100.0,549300.0,,,141100.0,549300.0,,529800.0,,True,43.47776640509496
Essex,Newark,07042,13.0,529500.0,397760.0,803020.0,304.2031523642732,,529800.0,498500.0,669550.0,684300.0,,533250.0,,403200.0,,False,43.44364835664734
Middlesex,Old Bridge,07095,11.0,528600.0,288700.0,1075800.0,258.7371512481645,104000.0,354000.0,524650.0,664800.0,1075800.0,104000.0,528600.0,1075800.0,350850.0,,False,43.34129421130445
Passaic,Passaic,07501,14.0,527250.0,320580.0,710570.0,291.5190263807174,474000.0,485900.0,539900.0,622500.0,718700.0,264400.0,539900.0,,604150.0,630900.0,False,43.18776299329011
Bergen,Englewood,07410,9.0,525000.0,404100.0,927640.0,391.0,485000.0,355200.0,829550.0,827600.0,,436700.0,769300.0,,,445000.0,True,42.931877629932906
Morris,Madison,07869,8.0,524900.0,356940.0,1393100.0,338.07841601261407,303600.0,582200.0,380100.0,1305800.0,,303600.0,584750.0,1596800.0,481150.0,,True,42.92050494711703
Bergen,Teaneck,07631,12.0,524650.0,278630.0,1155170.0,373.3168077229976,269500.0,520400.0,725250.0,1043300.0,1567600.0,360800.0,784500.0,1567600.0,528900.0,,False,42.89207324007734
Hunterdon,Lambertville,07830,8.0,522900.0,329870.0,579570.0,315.1603954429512,,316500.0,522900.0,566300.0,,316500.0,562600.0,566300.0,442800.0,,True,42.693051290799495
Essex,Livingston,07102,11.0,522800.0,212700.0,758800.0,245.32871972318338,367750.0,527000.0,526100.0,766300.0,,183450.0,607500.0,766300.0,421100.0,,False,42.68167860798362
Morris,Chatham,07945,8.0,522300.0,291710.0,967250.0,397.2765275257108,197700.0,790750.0,374950.0,,659800.0,264850.0,535700.0,,822000.0,,True,42.62481519390423
Bergen,Hackensack,07601,5.0,522100.0,377460.0,1242420.0,348.03063457330416,,392300.0,522100.0,1466500.0,906300.0,392300.0,994300.0,906300.0,,,True,42.60206982827249
Morris,Parsippany,07960,5.0,521700.0,339800.0,685160.0,327.0923209663503,379100.0,313600.0,576700.0,,720800.0,346350.0,621250.0,,631700.0,,True,42.556579097008985
Middlesex,Piscataway,08854,12.0,521550.0,285350.0,921790.0000000001,254.23649767263305,219300.0,484400.0,682800.0,558700.0,,302950.0,558700.0,1292800.0,,,False,42.539520072785166
Monmouth,Asbury Park,07748,10.0,521500.0,352730.0,733130.0,337.7394252420537,487000.0,390800.0,576750.0,383400.0,726400.0,361300.0,576750.0,726400.0,,,False,42.533833731377236
Somerset,Somerville,08844,17.0,520200.0,362460.0,868000.0000000001,294.89708404802747,,465600.0,510750.0,715050.0,863500.0,290100.0,490700.0,1290300.0,525500.0,,False,42.38598885477084
Monmouth,Middletown,07748,9.0,520000.0,373600.0,642160.0,297.20826353992186,428400.0,532300.0,492950.0,598900.0,,513650.0,532300.0,,413200.0,,True,42.36324348913907
Somerset,Bridgewater,07920,11.0,518900.0,223500.0,709900.0,307.0009930486594,361650.0,524800.0,831900.0,,,260500.0,651550.0,,,518900.0,False,42.23814397816446
Middlesex,New Brunswick,07095,8.0,518850.0,302890.0,848900.0,251.02922488061256,,366300.0,518850.0,615700.0,569700.0,,443900.0,615700.0,,,True,42.23245763675651
Bergen,Teaneck,07652,5.0,517300.0,314020.0,1791620.0,435.0,517300.0,768300.0,304500.0,,2180500.0,,328300.0,2180500.0,,517300.0,True,42.05618105311043
Middlesex,Edison,08854,12.0,517250.0,344670.0,831650.0,239.83142647520108,346150.0,517250.0,622400.0,930300.0,,158600.0,531800.0,1026600.0,,344300.0,False,42.05049471170249
Cape May,Avalon,08204,7.0,516000.0,297440.0,833500.0,303.0969030969031,,670750.0,402250.0,,785000.0,303400.0,516000.0,785000.0,,,True,41.908336176504044
Union,Plainfield,07901,6.0,515850.0,305300.0,913300.0,273.88779866849745,422800.0,327400.0,716850.0,,,305300.0,716850.0,,,,True,41.89127715228022
Middlesex,East Brunswick,08816,6.0,515650.0,280700.0,761900.0,228.63948543808124,,369300.0,635100.0,562500.0,,269800.0,551950.0,562500.0,,,True,41.86853178664846
Middlesex,Old Bridge,08857,9.0,512300.0,245240.0,887600.0,232.9246935201401,367800.0,652900.0,423850.0,266000.0,811950.0,214100.0,531500.0,1073200.0,,,True,41.48754691231661
Passaic,Clifton,07506,11.0,511400.0,416500.0,724600.0,287.43961352657004,,431400.0,520950.0,974300.0,488600.0,158000.0,530500.0,488600.0,,,False,41.38519276697373
Morris,Randolph,07928,5.0,511200.0,386360.0,932240.0,411.0091743119266,315400.0,511200.0,492800.0,872700.0,,315400.0,511200.0,1170400.0,,,True,41.362447401341974
Hunterdon,Lambertville,08530,11.0,510700.0,311300.0,1005800.0,275.7589696412144,579900.0,411000.0,445950.0,,1049250.0,332750.0,510700.0,1049250.0,417900.0,739100.0,False,41.30558398726259
Hudson,Hoboken,07047,8.0,510300.0,380110.0,790190.0,333.10795588539474,511400.0,459600.0,703700.0,509200.0,450400.0,337850.0,510300.0,,799350.0,,True,41.26009325599908
Monmouth,Freehold,07748,9.0,510200.0,374040.0,710100.0,341.1791590493601,426100.0,555000.0,628000.0,605600.0,,430650.0,628000.0,701000.0,555000.0,,True,41.24872057318321
Passaic,Paterson,07501,12.0,509000.0,299500.0,829730.0,254.45438832127763,,295900.0,610000.0,502500.0,978400.0,,512200.0,1451000.0,427700.0,,False,41.1122483793927
Union,Westfield,07060,8.0,507750.0,246780.0,1019600.0,295.4418291935591,,217100.0,524500.0,560900.0,705800.0,217100.0,454600.0,1000400.0,594400.0,,True,40.97008984419425
Cape May,Wildwood,08247,11.0,506600.0,268100.0,623300.0,325.36407766990294,552050.0,399500.0,506600.0,429550.0,,401550.0,545500.0,,,,False,40.83930399181167
Hunterdon,Readington,08809,14.0,506000.0,218510.0,929730.0,291.8966950387949,194250.0,414300.0,582900.0,949000.0,541300.0,248550.0,582900.0,541300.0,686000.0,211100.0,False,40.77106789491641
Hunterdon,Lambertville,08889,14.0,504650.0,365730.0,1254240.0000000002,303.17320273847326,442800.0,388950.0,504650.0,1299600.0,1229600.0,397500.0,556100.0,1229600.0,485150.0,,False,40.617536676902084
Passaic,Wayne,07470,16.0,504600.0,341800.0,656950.0,246.06827157087253,531800.0,405600.0,428800.0,555150.0,678000.0,349300.0,524200.0,678000.0,405600.0,,False,40.61185033549414
Essex,Montclair,07042,14.0,503800.0,297290.0,666650.0,287.70291357440084,541700.0,530750.0,405300.0,533300.0,,265100.0,503800.0,641000.0,635150.0,,False,40.52086887296713
Hunterdon,Clinton,08809,7.0,503400.0,193480.0,826820.0000000001,317.728999577881,198600.0,628050.0,654500.0,344200.0,,198600.0,423800.0,938000.0,654500.0,,True,40.47537814170363
Hunterdon,Flemington,07830,13.0,503300.0,227040.0,910300.0,289.9622234214787,259350.0,526650.0,538200.0,669100.0,222600.0,244800.0,538200.0,922800.0,503300.0,,False,40.46400545888774
Passaic,Hawthorne,07501,15.0,502500.0,318580.0,725280.0,270.7586206896552,369000.0,500800.0,554900.0,516000.0,,169900.0,500800.0,640100.0,,568100.0,False,40.37302399636074
Somerset,Franklin,08807,15.0,502500.0,256820.0,1033099.9999999999,279.73713033954,394750.0,844700.0,400600.0,236700.0,,184000.0,502500.0,1158700.0,,398900.0,False,40.37302399636074
Essex,Newark,07017,7.0,502300.0,407640.0,876460.0,284.7451906851164,432650.0,527600.0,459200.0,843700.0,925600.0,445300.0,491650.0,925600.0,,,True,40.35027863072898
Middlesex,East Brunswick,07095,7.0,501200.0,319780.0,693860.0,234.4579646017699,,332400.0,487450.0,,760400.0,,501200.0,760400.0,423900.0,,True,40.225179119754344
Monmouth,Freehold,07701,11.0,500400.0,330200.0,969000.0,338.40749414519905,330200.0,539200.0,479700.0,1130500.0,957100.0,348000.0,578000.0,957100.0,500400.0,299400.0,False,40.13419765722735
Bergen,Fair Lawn,07631,6.0,500050.0,274850.0,522100.0,351.18019842640206,355650.0,433150.0,508200.0,,,342800.0,509600.0,,520700.0,,True,40.09439326737178
Mercer,Princeton,08550,8.0,499600.0,363110.0,597730.0,245.00167671647665,,506300.0,,337650.0,,274000.0,501800.0,,477300.0,,True,40.04321619470033
Somerset,Somerville,08873,11.0,498500.0,311700.0,691600.0,341.0745233968804,,278350.0,598600.0,706800.0,,326200.0,644500.0,,498500.0,,False,39.91811668372569
Morris,Morristown,07940,8.0,496550.0,287700.0,775550.0,265.4532099077467,721650.0,300600.0,568100.0,,,257600.0,548800.0,,432900.0,,True,39.6963493688161
Union,Elizabeth,07060,7.0,495700.0,284940.0,786480.0000000001,304.65444287729196,,495700.0,507050.0,941400.0,406200.0,355850.0,683200.0,,494650.0,,True,39.59968156488116
Cape May,Stone Harbor,08226,6.0,494300.0,335800.0,707350.0,288.82529888418804,,587500.0,595600.0,380200.0,,342200.0,614150.0,,,,True,39.44046400545889
Essex,East Orange,07052,7.0,493500.0,320960.0,987840.0000000001,317.34772552043177,464200.0,349450.0,814200.0,411600.0,1248300.0,367900.0,612900.0,,493500.0,,True,39.34948254293188
Somerset,Bernards,08876,11.0,491200.0,257300.0,725800.0,288.60158311345646,310200.0,491200.0,594800.0,667050.0,,395350.0,546900.0,,,,False,39.08791083816672
Ocean,Manchester,08527,4.0,490600.0,358410.0,651560.0,230.56436536190535,,414900.0,688100.0,450250.0,,,490600.0,,,,True,39.019674741271466
Somerset,Somerville,08876,9.0,490500.0,256600.0,873420.0,326.77760968229956,355800.0,354150.0,699500.0,,,355800.0,699500.0,,490500.0,911100.0,True,39.00830205845559
Monmouth,Red Bank,07712,6.0,488300.0,210500.0,901400.0,304.55184477378646,289600.0,,1090700.0,712100.0,,256500.0,1090700.0,712100.0,,442300.0,True,38.75810303650632
Hudson,West New York,07093,9.0,487800.0,369400.0,847840.0,326.1814744801512,690200.0,487800.0,627500.0,222600.0,,407900.0,656150.0,,478800.0,,True,38.70123962242694
Middlesex,Woodbridge,08816,5.0,486200.0,214240.0,568040.0,234.72144063027574,79000.0,553400.0,,486200.0,,,519800.0,,497450.0,79000.0,True,38.5192766973729
Cape May,Stone Harbor,08260,6.0,486150.0,338000.0,720150.0,291.06602767182346,347600.0,373100.0,710000.0,328400.0,,347600.0,710000.0,,486150.0,,True,38.51359035596497
Middlesex,New Brunswick,08854,11.0,485600.0,299100.0,611000.0,229.44048066090875,317700.0,522800.0,389600.0,624250.0,485600.0,188000.0,485600.0,,522800.0,,False,38.45104060047765
Monmouth,Middletown,07701,3.0,484400.0,284000.0,595200.0,272.9623137598598,484400.0,233900.0,622900.0,,,484400.0,428400.0,,,,True,38.31456840668714
Essex,East Orange,07042,10.0,483900.0,355280.0,775430.0,268.1640348174651,333500.0,483900.0,521900.0,,879200.0,355150.0,511900.0,879200.0,439600.0,,False,38.257704992607756
Somerset,Franklin,08873,13.0,482800.0,268120.0,873420.0,312.08257437765633,294100.0,498400.0,717500.0,285000.0,934900.0,324300.0,622350.0,934900.0,498400.0,263900.0,False,38.13260548163312
Mercer,Hamilton,08628,9.0,481100.0,246260.0,607040.0,213.60804983229517,147300.0,376050.0,666350.0,485300.0,,147300.0,463450.0,666350.0,,,True,37.939269873763216
Middlesex,Woodbridge,07095,3.0,480400.0,355760.0,585360.0,268.26446280991735,,402500.0,611600.0,,,,480400.0,,,,True,37.859661094052086
Union,Elizabeth,07901,7.0,480200.0,194680.0,863500.0,255.5614688664183,281100.0,309150.0,909400.0,800700.0,,185250.0,768500.0,909400.0,,329800.0,True,37.83691572842033
Ocean,Jackson,08753,9.0,480200.0,261740.0,593200.0,236.96128560993427,,271200.0,568400.0,480200.0,,223900.0,506700.0,,,,True,37.83691572842033
Morris,Randolph,07960,3.0,479900.0,417500.0,523100.0,317.9588607594937,,479900.0,467900.0,,,,440900.0,,533900.0,,True,37.802797679972706
Morris,Parsippany,07928,7.0,478800.0,200840.0,764960.0,260.14285714285717,214400.0,478800.0,806000.0,550900.0,,197450.0,569100.0,,,,True,37.677698168998056
Essex,West Orange,07042,8.0,477350.0,273450.0,624360.0,301.17437796017487,,386150.0,542100.0,640650.0,,142900.0,500100.0,,513500.0,,True,37.51279426816785
Hudson,North Bergen,07002,5.0,476500.0,233200.0,938880.0,345.540246555475,277000.0,,471750.0,476500.0,1071800.0,240500.0,774150.0,,739500.0,,True,37.41612646423291
Union,Westfield,07090,12.0,476300.0,363340.0,622200.0,264.73695013590543,,473200.0,479400.0,,,332150.0,482500.0,,446400.0,,False,37.39338109860116
Union,Union,07083,10.0,473900.0,325080.0,729630.0,289.5419466036692,330500.0,491100.0,530400.0,767700.0,,392700.0,623950.0,,538300.0,303400.0,False,37.120436711020126
Mercer,Lawrence,08619,5.0,473800.0,359700.0,679000.0,254.45757250268528,370400.0,,605800.0,,,316900.0,605800.0,,473800.0,,True,37.10906402820426
Cape May,Wildwood,08204,13.0,471800.0,291760.0,739440.0,244.72324723247232,325450.0,445750.0,480600.0,751400.0,1272300.0,279500.0,480600.0,1272300.0,611600.0,,False,36.881610371886715
Middlesex,Piscataway,08901,6.0,471550.0,245100.0,674700.0,210.288023110478,206800.0,471550.0,602700.0,,,,602700.0,,343950.0,206800.0,True,36.85317866484702
Essex,East Orange,07003,12.0,470300.0,315500.0,718130.0,305.6409363923849,305350.0,399200.0,686900.0,470300.0,,203600.0,512800.0,,,,False,36.71102012964859
Sussex,Vernon,07419,7.0,469100.0,180600.0,583460.0,175.66666666666666,,230000.0,469100.0,,595700.0,264400.0,521800.0,469100.0,158100.0,,True,36.574547935858064
Union,Cranford,07083,6.0,468900.0,308800.0,735850.0,254.2548202891836,475400.0,378400.0,353150.0,,991600.0,424550.0,353150.0,991600.0,,480100.0,True,36.551802570226315
Essex,East Orange,07017,9.0,468800.0,193240.0,967980.0,304.0207522697795,219800.0,468800.0,953300.0,461500.0,,237000.0,646900.0,,468800.0,153400.0,True,36.54042988741044
Ocean,Manchester,08742,10.0,468650.0,180890.0,608390.0,221.02341054429797,,322200.0,486500.0,518800.0,,140300.0,489550.0,450800.0,,,False,36.52337086318663
Mercer,Princeton,08628,7.0,467800.0,388940.0,558020.0,246.37380853709075,,469200.0,531150.0,,443000.0,,467800.0,500700.0,315800.0,,True,36.42670305925168
Mercer,West Windsor,08619,4.0,467500.0,264090.0,631500.0,253.47832654633999,213600.0,665100.0,381900.0,553100.0,,213600.0,553100.0,,,,True,36.39258501080405
Sussex,Hardyston,07419,7.0,466800.0,145120.0,594260.0,217.29428172942818,523200.0,142550.0,,389200.0,611200.0,129700.0,466800.0,526500.0,311600.0,523200.0,True,36.31297623109292
Monmouth,Manalapan,07728,8.0,465200.0,365340.0,857790.0,276.75592228802543,399900.0,364600.0,741600.0,622900.0,,284700.0,741600.0,,444500.0,399900.0,True,36.1310133060389
Union,Union,07090,8.0,465200.0,240440.0,627340.0,275.50990675990676,479500.0,498650.0,266600.0,525650.0,,329450.0,536150.0,,478250.0,,True,36.1310133060389
Essex,Bloomfield,07102,7.0,464200.0,349440.0,758460.0000000002,286.25079567154677,449700.0,526300.0,506350.0,,464200.0,449700.0,464200.0,1034700.0,,,True,36.01728647788014
Bergen,Fair Lawn,07666,9.0,463900.0,275280.0,761740.0000000001,346.72131147540983,338400.0,478700.0,685700.0,,,414300.0,574800.0,,,,True,35.9831684294325
Essex,Livingston,07052,13.0,460900.0,300360.0,1333580.0000000002,293.90519187358916,223600.0,430300.0,1413800.0,574150.0,1418100.0,277800.0,460900.0,1418100.0,,,False,35.64198794495621
Bergen,Fair Lawn,07450,8.0,460850.0,257540.0,1035310.0,346.18047486249907,369250.0,319900.0,713200.0,1061950.0,,319900.0,925000.0,,,278000.0,True,35.63630160354827
Passaic,Clifton,07055,10.0,460700.0,226190.0,667390.0,248.7670253690996,290300.0,488800.0,483550.0,716950.0,461600.0,229200.0,498050.0,620250.0,,384100.0,False,35.61924257932445
Passaic,Hawthorne,07055,14.0,460150.0,284050.0,700320.0,253.89661920435577,86600.0,341900.0,654400.0,,1200900.0,292500.0,588150.0,1200900.0,282700.0,,False,35.556692823837146
Ocean,Toms River,08701,7.0,459700.0,232380.0,497460.0,220.30264817150064,,469500.0,459700.0,,333500.0,,333500.0,,496800.0,,True,35.50551575116569
Ocean,Point Pleasant,08753,9.0,459300.0,317580.0,652860.0,221.0298363811357,116700.0,459300.0,367800.0,630600.0,499700.0,,438100.0,620800.0,446100.0,116700.0,True,35.4600250199022
Mercer,West Windsor,08540,7.0,458600.0,244660.0,664920.0000000001,234.39815997955532,285750.0,,832200.0,400100.0,553400.0,112900.0,458600.0,553400.0,,,True,35.38041624019107
Mercer,West Windsor,08648,11.0,458100.0,284300.0,656200.0,211.38070479491623,234600.0,428250.0,542800.0,335750.0,474400.0,234600.0,502550.0,,305050.0,,False,35.32355282611169
Somerset,Franklin,08876,16.0,455900.0,351600.0,1022200.0,341.4798547944464,378450.0,496100.0,391700.0,938550.0,,389800.0,617000.0,1049450.0,344800.0,464600.0,False,35.0733538041624
Essex,Newark,07102,10.0,455550.0,288170.0,744249.9999999998,271.1167480092474,293200.0,512700.0,369000.0,430900.0,836100.0,293200.0,480200.0,1192000.0,495100.0,,False,35.03354941430683
Morris,Madison,07945,7.0,454900.0,339300.0,659080.0000000001,358.1459385039009,559700.0,508100.0,417300.0,,,559700.0,454900.0,,379700.0,,True,34.95962697600364
Essex,West Orange,07052,9.0,454600.0,279340.0,643580.0,290.7046476761619,261300.0,535200.0,581000.0,,,300700.0,593400.0,,535200.0,,True,34.925508927556
Mercer,Hamilton,08619,8.0,452100.0,172770.0,623530.0,191.91129857731835,198600.0,438200.0,466000.0,483900.0,845500.0,158350.0,466000.0,845500.0,483300.0,,True,34.6411918571591
Essex,Bloomfield,07039,7.0,451400.0,334280.0,927600.0000000001,238.4391662627242,321200.0,435900.0,491900.0,451400.0,796600.0,378550.0,491900.0,,,,True,34.56158307744796
Morris,Parsippany,07869,8.0,448650.0,265680.0,572260.0,299.2684709223628,286800.0,430500.0,499100.0,697000.0,,286800.0,518800.0,,464800.0,,True,34.248834300011374
Union,Summit,07901,8.0,448600.0,316690.0,561910.0,267.04480244145236,521800.0,427200.0,359850.0,586200.0,425150.0,521800.0,463450.0,527700.0,323600.0,,True,34.24314795860342
Morris,Mendham,07928,4.0,447400.0,229240.0,584290.0,314.5445193277564,389350.0,392900.0,,501900.0,,159100.0,560750.0,,392900.0,,True,34.10667576481291
Morris,Randolph,07054,9.0,446900.0,333820.0,601920.0,302.22345747637576,413300.0,446900.0,,494400.0,,164300.0,473250.0,,494400.0,413300.0,True,34.04981235073353
Mercer,Lawrence,08550,5.0,442400.0,306100.0,495540.0,236.7967332123412,,299500.0,521900.0,442400.0,,,442400.0,,,,True,33.53804162401911
Hunterdon,Flemington,08809,8.0,441500.0,284840.0,788820.0,293.0779329231781,460800.0,,384500.0,346300.0,733200.0,384500.0,585950.0,,,,True,33.435687478676215
Cape May,Cape May,08260,5.0,441400.0,300300.0,830880.0,276.5446224256293,,341550.0,923400.0,540150.0,,241700.0,655800.0,,566750.0,,True,33.42431479586034
Middlesex,New Brunswick,08820,7.0,441200.0,349440.0,653500.0,255.788876276958,,405850.0,,440550.0,688600.0,332100.0,440550.0,630100.0,450700.0,,True,33.4015694302286
Cape May,Cape May,08226,12.0,440650.0,315640.0,814720.0,289.3990123947483,314300.0,440650.0,505950.0,,787900.0,350900.0,660600.0,,405500.0,314300.0,False,33.339019674741266
Middlesex,Edison,08820,7.0,439700.0,232080.0,529600.0,222.5389994620764,349700.0,439700.0,,,,231500.0,452350.0,,456700.0,,True,33.23097918799044
Passaic,Wayne,07501,8.0,438450.0,180560.0,872020.0,293.574707704277,329700.0,895300.0,,432200.0,,240700.0,756600.0,,,,True,33.08882065279199
Ocean,Point Pleasant,08759,7.0,438100.0,212080.0,796000.0000000002,205.96244131455398,102700.0,324800.0,519650.0,438700.0,,270400.0,519950.0,,285000.0,,True,33.049016262936426
Burlington,Mount Laurel,08057,8.0,437250.0,177380.0,575620.0,183.84164027454818,,344900.0,435000.0,439500.0,456800.0,175900.0,448150.0,,,,True,32.95234845900147
Union,Elizabeth,07083,15.0,437200.0,211900.0,806839.9999999999,277.55725190839695,352600.0,368000.0,412150.0,940200.0,1017000.0,211150.0,489500.0,1017000.0,412150.0,478100.0,False,32.94666211759354
Middlesex,Piscataway,07095,10.0,436800.0,180150.0,896929.9999999999,244.80035688415398,205200.0,321550.0,500450.0,496350.0,1263500.0,228300.0,481900.0,1263500.0,,,False,32.90117138633003
Passaic,Paterson,07011,11.0,436700.0,231200.0,568100.0,219.33115823817292,365850.0,229300.0,537800.0,438250.0,,229300.0,438250.0,,568100.0,,False,32.88979870351416
Passaic,Passaic,07470,16.0,434650.0,279500.0,721550.0,231.39292742856694,382700.0,344600.0,499500.0,,775500.0,341500.0,619700.0,,,272800.0,False,32.65665870578869
Monmouth,Red Bank,07748,4.0,432900.0,306110.0,844310.0000000001,359.1284306131438,262400.0,408100.0,733850.0,,,335250.0,733850.0,,,,True,32.45763675651086
Sussex,Sparta,07462,9.0,432900.0,272820.0,558480.0,191.46395400265368,432900.0,358750.0,363000.0,433850.0,,198500.0,433750.0,716400.0,291400.0,,True,32.45763675651086
Essex,East Orange,07039,4.0,432000.0,227380.0,549540.0,250.17025633247385,174100.0,,432000.0,565500.0,,174100.0,351700.0,,538900.0,,True,32.35528261116798
Morris,Parsippany,07940,7.0,429200.0,209120.0,868540.0000000001,361.6,228000.0,429200.0,571000.0,593500.0,,228000.0,593500.0,738300.0,,,True,32.03684749232343
Mercer,Ewing,08628,10.0,428700.0,250760.0,587450.0,240.6379330332129,,455150.0,254200.0,493750.0,586500.0,329500.0,395850.0,591250.0,,,False,31.979984078244055
Mercer,West Windsor,08628,9.0,428600.0,248180.0,698460.0,206.40124902419984,253000.0,264950.0,465850.0,684400.0,,264400.0,609900.0,,,322700.0,True,31.96861139542818
Ocean,Brick,08753,12.0,427450.0,258220.0,618760.0,205.49275704626635,417900.0,341550.0,460500.0,542800.0,633900.0,254500.0,448750.0,588350.0,363700.0,,False,31.8378255430456
Morris,Parsippany,07054,10.0,427450.0,315500.0,1069069.9999999998,359.4379781117244,322400.0,746700.0,353300.0,930200.0,849300.0,322400.0,409950.0,1308150.0,370800.0,,False,31.8378255430456
Middlesex,New Brunswick,08857,10.0,427300.0,311320.0,482400.0,244.85491719119682,421200.0,345850.0,410400.0,458000.0,557100.0,330400.0,441900.0,557100.0,,421200.0,False,31.82076651882179
Sussex,Hopatcong,07843,7.0,427300.0,300040.0,553100.0,199.4259059921062,258700.0,427300.0,393200.0,551300.0,,258700.0,443050.0,555800.0,327600.0,,True,31.82076651882179
Mercer,Lawrence,08540,2.0,427000.0,383640.0,470360.0,186.37489076889838,,481200.0,372800.0,,,,427000.0,,,,True,31.786648470374157
Bergen,Teaneck,07666,8.0,426850.0,374000.0,924100.0,372.1384270622815,422400.0,397900.0,865200.0,1050100.0,,410150.0,865200.0,1050100.0,,,True,31.76958944615035
Mercer,Trenton,08540,12.0,426400.0,209110.0,650920.0,218.3565105734209,268600.0,503850.0,541000.0,569900.0,,226750.0,623200.0,571600.0,384500.0,440500.0,False,31.7184123734789
Hudson,Bayonne,07302,5.0,425400.0,361140.0,696960.0,286.27280625543005,408600.0,425400.0,839800.0,,,408600.0,839800.0,,482700.0,,True,31.604685545320137
Middlesex,East Brunswick,08857,9.0,424600.0,256180.0,991920.0,277.5900900900901,252550.0,440900.0,345750.0,,1098300.0,273300.0,432750.0,1098300.0,,258600.0,True,31.513704082793133
Ocean,Lakewood,08723,9.0,424000.0,242840.0,524780.0,220.6825232678387,,466200.0,418350.0,506000.0,,213400.0,469100.0,,420950.0,,True,31.445467985897867
Middlesex,Edison,08816,10.0,423450.0,174440.0,572170.0,230.0509474511183,106400.0,345400.0,434800.0,437900.0,,144200.0,434800.0,534900.0,,,False,31.382918230410557
Sussex,Hardyston,07860,8.0,423400.0,283990.0,561750.0,203.72058432934926,,303300.0,444450.0,621600.0,536100.0,242900.0,479500.0,409400.0,305000.0,,True,31.377231889002616
Passaic,Paterson,07055,16.0,423200.0,284900.0,562800.0,245.2504469802086,,400400.0,440500.0,632100.0,,284900.0,492200.0,,392100.0,,False,31.354486523370866
Ocean,Toms River,08753,3.0,422900.0,372420.0,511460.0,212.2991967871486,,391350.0,,533600.0,,,478250.0,,359800.0,,True,31.32036847492323
Bergen,Teaneck,07410,6.0,422700.0,384000.0,568050.0,333.9185640817333,430300.0,415100.0,,,,443000.0,,415100.0,652600.0,397900.0,True,31.29762310929148
Union,Cranford,07901,9.0,421300.0,161760.0,886480.0,281.94871794871796,344800.0,167400.0,686100.0,797200.0,777450.0,167400.0,686100.0,1133600.0,,,True,31.138405549869212
Passaic,Passaic,07011,13.0,420900.0,161320.0,654240.0,243.01470588235293,287100.0,402250.0,461100.0,668800.0,,187900.0,470600.0,,494000.0,,False,31.092914818605706
Essex,Bloomfield,07042,5.0,420900.0,367960.0,469100.0,252.33766233766235,354200.0,420900.0,474500.0,,,420900.0,424800.0,,,,True,31.092914818605706
Middlesex,Piscataway,08816,7.0,420000.0,278120.0,556000.0,250.58227848101265,361800.0,341750.0,500000.0,420000.0,,337800.0,500000.0,,494900.0,,True,30.990560673262824
Union,Cranford,07016,7.0,419800.0,311240.0,567740.0,252.6128266033254,428000.0,425400.0,365500.0,419800.0,,263000.0,392650.0,,488150.0,,True,30.96781530763107
Ocean,Toms River,08759,8.0,419500.0,240310.0,483940.0,228.26468253968255,203050.0,548200.0,426250.0,328600.0,446250.0,203050.0,449650.0,449600.0,396100.0,,True,30.93369725918344
Mercer,Princeton,08618,10.0,418400.0,255860.0,609339.9999999998,205.12861644879803,171800.0,506200.0,412400.0,400950.0,,,418400.0,1234300.0,348400.0,,False,30.8085977482088
Mercer,Lawrence,08628,12.0,418300.0,295080.0,599210.0,212.65903903844045,226500.0,370300.0,457500.0,577950.0,,162600.0,447550.0,,370300.0,,False,30.797225065392926
Mercer,Hamilton,08618,10.0,417700.0,264180.0,748499.9999999999,207.96162974683546,,347600.0,417700.0,,777000.0,,417700.0,777000.0,347600.0,,False,30.728988968497674
Hunterdon,Readington,08530,10.0,417300.0,288550.0,623550.0,281.6192047925416,,543300.0,521550.0,377700.0,,293100.0,412500.0,,543300.0,,False,30.683498237234165
Union,Cranford,07090,4.0,416750.0,237480.0,446850.0,267.5749667478666,166200.0,429000.0,,,429700.0,166200.0,429700.0,,,,True,30.620948481746847
Passaic,Passaic,07506,12.0,416100.0,198040.0,748320.0,231.00215525100833,241350.0,416100.0,740400.0,,,225400.0,522450.0,,444200.0,,False,30.547026043443648
Hunterdon,Clinton,08530,10.0,415900.0,337400.0,781070.0,328.649170596845,463500.0,280600.0,581200.0,404400.0,,351600.0,428300.0,,,,False,30.524280677811895
Ocean,Lakewood,08701,9.0,415100.0,336060.0,642960.0,208.2789764174611,338000.0,406900.0,391900.0,415100.0,667500.0,328300.0,415100.0,708400.0,,,True,30.433299215284883
Warren,Phillipsburg,07840,37.0,414300.0,215820.0,563060.0,196.9387755102041,272900.0,377900.0,496050.0,424100.0,813500.0,222500.0,429300.0,951600.0,,,False,30.342317752757875
Passaic,Paterson,07470,12.0,413900.0,228010.0,762570.0000000001,248.27094816903815,349400.0,467900.0,403300.0,436450.0,,,413900.0,,467900.0,349400.0,False,30.296827021494366
Mercer,West Windsor,08618,8.0,413300.0,192120.0,471000.0,243.0976430976431,429300.0,283300.0,286150.0,398900.0,475600.0,221400.0,427700.0,,,,True,30.228590924599114
Middlesex,Old Bridge,08854,16.0,412250.0,307400.0,767000.0,245.38101409487587,387800.0,357900.0,445700.0,465400.0,664400.0,387800.0,413500.0,712800.0,,,False,30.109177755032412
Bergen,Englewood,07631,3.0,412200.0,369320.0,686840.0,384.8700967906266,358600.0,412200.0,,755500.0,,385400.0,755500.0,,,,True,30.103491413624468
Essex,Livingston,07039,10.0,410450.0,285090.0,717410.0,262.2516893773999,363850.0,322500.0,562150.0,610150.0,,354600.0,554600.0,,316600.0,436500.0,False,29.90446946434664
Ocean,Jackson,08742,8.0,410150.0,279110.0,487830.0,198.88974487671828,268050.0,389400.0,430900.0,491400.0,433600.0,,430900.0,,,240400.0,True,29.870351415899005
Ocean,Manchester,08701,15.0,409700.0,278820.0,757119.9999999999,235.9228971962617,131800.0,512300.0,404000.0,364250.0,851500.0,131800.0,406800.0,851500.0,342100.0,,False,29.819174343227566
Sussex,Hardyston,07871,12.0,408900.0,243580.0,547580.0,202.7928065336604,205800.0,439450.0,251950.0,434000.0,383300.0,,407100.0,556400.0,468200.0,205800.0,False,29.72819288070056
Ocean,Brick,08759,14.0,408300.0,239300.0,559890.0,222.67203224290978,306300.0,430700.0,540700.0,236900.0,,337800.0,430800.0,,406700.0,,False,29.659956783805296
Mercer,Ewing,08550,9.0,407900.0,188940.0,731220.0,232.00177541056368,,195000.0,407900.0,580000.0,737700.0,164700.0,407900.0,737700.0,,,True,29.6144660525418
Middlesex,East Brunswick,08820,7.0,405000.0,344580.0,733560.0,279.37579080556725,299700.0,840300.0,469800.0,389400.0,,,404300.0,840300.0,469800.0,,True,29.284658250881385
Ocean,Manchester,08759,6.0,401650.0,206000.0,530700.0,226.148777759148,254200.0,401650.0,,556500.0,,157800.0,401650.0,,504900.0,,True,28.903673376549534
Union,Westfield,07083,7.0,400600.0,324580.0,601780.0,258.4516129032258,317900.0,391000.0,496150.0,,,371150.0,446600.0,545700.0,,284500.0,True,28.784260206982825
Hunterdon,Flemington,08530,8.0,399950.0,214070.0,641920.0,241.5689312160905,319100.0,319550.0,547450.0,782200.0,,240500.0,581800.0,,398600.0,319100.0,True,28.710337768679633
Hunterdon,Tewksbury,08530,13.0,399400.0,238420.0,720880.0000000001,260.1141924959217,243700.0,572500.0,365200.0,435300.0,869900.0,318900.0,572500.0,,587500.0,,False,28.647788013192315
Mercer,Hamilton,08550,10.0,399100.0,295520.0,730570.0,195.01253125450964,,386900.0,357100.0,769250.0,,230900.0,373600.0,698900.0,401050.0,,False,28.613669964744687
Union,Elizabeth,07090,5.0,398600.0,180200.0,587620.0,269.061757719715,181550.0,,425850.0,677300.0,,181550.0,537950.0,,453100.0,,True,28.556806550665296
Middlesex,New Brunswick,08901,13.0,398000.0,297300.0,808180.0000000001,251.1904761904762,,359750.0,443100.0,,,211800.0,443100.0,,387800.0,,False,28.488570453770045
Gloucester,Monroe,08086,11.0,397000.0,238600.0,503600.0,177.13437268002968,125400.0,394500.0,425150.0,264300.0,456500.0,125400.0,423300.0,,238600.0,,False,28.37484362561128
Middlesex,Old Bridge,08816,9.0,395700.0,197740.0,537940.0,257.20338983050846,398950.0,196300.0,395700.0,454900.0,,196300.0,425050.0,681700.0,,343500.0,True,28.22699874900489
Essex,Bloomfield,07052,8.0,395050.0,293090.0,807439.9999999999,276.21183269464257,395050.0,457900.0,,349900.0,1174100.0,333800.0,582000.0,1174100.0,349900.0,,True,28.153076310701692
Somerset,Franklin,07920,8.0,394000.0,321040.0,839869.9999999999,310.14996842534015,398300.0,282400.0,715000.0,389700.0,,337600.0,715000.0,,,,True,28.03366314113499
Ocean,Manchester,08723,9.0,393400.0,265600.0,592460.0,219.60542540073982,265000.0,356200.0,467600.0,552600.0,716700.0,266350.0,547200.0,,356200.0,,True,27.965427044239732
Ocean,Jackson,08527,10.0,393000.0,214920.0,603059.9999999999,249.3781474461599,218900.0,348700.0,407300.0,512600.0,580500.0,232350.0,461800.0,,604850.0,,False,27.91993631297623
Middlesex,East Brunswick,08901,10.0,391850.0,184340.0,721029.9999999999,213.42078995917822,263600.0,178250.0,665600.0,437700.0,985000.0,207050.0,499500.0,985000.0,,,False,27.789150460593646
Gloucester,Deptford,08028,13.0,391400.0,128280.0,496520.00000000006,181.69934640522877,139000.0,445400.0,258000.0,401950.0,,196250.0,412500.0,571900.0,457800.0,,False,27.73797338792221
Ocean,Brick,08742,9.0,391400.0,279880.0,537460.0,226.0,348100.0,345200.0,443050.0,,,299000.0,421200.0,,391400.0,,True,27.73797338792221
Passaic,Clifton,07470,13.0,390900.0,296080.0,546580.0000000001,231.02836879432624,331550.0,387650.0,409600.0,396300.0,786400.0,316400.0,383200.0,786400.0,409600.0,,False,27.681109973842833
Burlington,Willingboro,08016,11.0,390200.0,234700.0,716200.0,228.64137086903304,,392900.0,304150.0,448800.0,390200.0,234700.0,373600.0,553200.0,741000.0,,False,27.601501194131693
Morris,Madison,07928,11.0,390200.0,280900.0,570600.0,295.6017908875428,356750.0,456300.0,386100.0,497400.0,,310100.0,561600.0,,,,False,27.601501194131693
Bergen,Fort Lee,07024,4.0,389700.0,227220.0,1095940.0000000002,385.1643812806375,158100.0,390900.0,388500.0,1398100.0,,274500.0,893300.0,,,,True,27.544637780052312
Passaic,Wayne,07506,16.0,389450.0,268850.0,619700.0,277.4880555702473,81100.0,337800.0,397300.0,586100.0,532400.0,279000.0,479750.0,586100.0,337800.0,81100.0,False,27.516206073012622
Ocean,Lakewood,08527,7.0,386900.0,325580.0,527860.0,219.08267270668176,,355550.0,374900.0,,546100.0,,356700.0,546100.0,374900.0,,True,27.226202661207775
Warren,Mansfield,07840,25.0,386600.0,173520.0,687380.0000000001,189.18249380677128,180300.0,310200.0,484000.0,422500.0,943150.0,174650.0,458400.0,1102100.0,310200.0,,False,27.192084612760155
Mercer,Princeton,08540,11.0,385900.0,154200.0,648500.0,204.19161676646706,191400.0,394400.0,409000.0,621100.0,774600.0,269750.0,501500.0,774600.0,287300.0,191400.0,False,27.112475833049015
Middlesex,Woodbridge,08857,6.0,385700.0,305600.0,493350.0,188.0207531306695,,339000.0,554600.0,421800.0,432100.0,310900.0,432100.0,339000.0,,,True,27.08973046741726
Hunterdon,Flemington,08822,11.0,383900.0,230800.0,710800.0,322.30889235569424,298450.0,,555950.0,,413200.0,225700.0,437200.0,,670850.0,383900.0,False,26.885022176731493
Mercer,Trenton,08648,7.0,383200.0,251080.0,504400.0,219.28909952606634,,462700.0,225100.0,383200.0,,,325800.0,,462700.0,,True,26.805413397020356
Sussex,Newton,07860,9.0,382400.0,251540.0,541160.0,204.35227854582692,325200.0,257850.0,484850.0,445700.0,455400.0,185700.0,382400.0,570600.0,,,True,26.714431934493348
Ocean,Toms River,08742,9.0,381600.0,162000.0,692320.0,232.59911894273128,165800.0,426550.0,654200.0,224800.0,844800.0,188450.0,426550.0,703050.0,302800.0,,True,26.623450471966333
Union,Westfield,07016,4.0,381350.0,340420.0,435090.0,263.1686665691104,,370650.0,401200.0,,,447000.0,355400.0,,,,True,26.59501876492665
Essex,West Orange,07039,9.0,380700.0,288900.0,627800.0,303.9072039072039,248900.0,465350.0,429300.0,,,351000.0,477900.0,,600800.0,,True,26.52109632662345
Hunterdon,Readington,07830,13.0,380700.0,218080.0,531160.0,290.9892262487757,223550.0,364600.0,389400.0,367250.0,,279200.0,389400.0,,501800.0,,False,26.52109632662345
Union,Plainfield,07090,4.0,379200.0,183600.0,671260.0,261.2421768707483,130800.0,306800.0,765400.0,451600.0,,218800.0,608500.0,,,,True,26.350506084385305
Ocean,Manchester,08753,12.0,379200.0,258500.0,688380.0,231.44180502266153,228950.0,424150.0,379200.0,586500.0,699700.0,254200.0,454000.0,699700.0,,,False,26.350506084385305
Middlesex,Piscataway,08820,6.0,379000.0,212000.0,588500.0,275.8469071536127,315000.0,350900.0,513600.0,,,292900.0,570700.0,,,,True,26.327760718753556
Ocean,Brick,08723,6.0,378150.0,264850.0,659250.0,195.5572456540325,259100.0,270600.0,395900.0,,914100.0,,395900.0,914100.0,270600.0,259100.0,True,26.231092914818603
Gloucester,Monroe,08028,14.0,377500.0,180580.0,478820.00000000006,187.1418921910331,205500.0,348150.0,378000.0,314300.0,404100.0,205500.0,346150.0,404100.0,404900.0,,False,26.157170476515407
Mercer,Lawrence,08648,11.0,377100.0,232400.0,554400.0,250.06631299734747,232400.0,303700.0,504400.0,,669200.0,97400.0,478350.0,669200.0,337000.0,232400.0,False,26.111679745251905
Burlington,Moorestown,08054,6.0,376600.0,290450.0,559550.0,200.98492172009674,578900.0,467000.0,295850.0,348600.0,,,354000.0,,393800.0,578900.0,True,26.054816331172525
Hunterdon,Clinton,08889,14.0,376500.0,211540.0,594830.0000000001,267.71241815090934,223300.0,406350.0,513800.0,,512100.0,301100.0,448500.0,787100.0,454050.0,155700.0,False,26.043443648356646
Middlesex,Old Bridge,08901,12.0,376150.0,255010.0,567470.0,246.98051940683314,283900.0,345300.0,389700.0,,573500.0,299000.0,389700.0,,472600.0,,False,26.003639258501078
Burlington,Burlington,08046,12.0,375350.0,162620.0,483780.0,172.5451714209926,188700.0,379100.0,450900.0,,393800.0,156100.0,379100.0,393800.0,,296800.0,False,25.91265779597407
Burlington,Moorestown,08057,16.0,374600.0,168200.0,484450.0,204.8747962661135,220250.0,438200.0,374600.0,301450.0,458600.0,126100.0,423600.0,458600.0,284200.0,,False,25.827362674855
Sussex,Sparta,07871,12.0,372700.0,178360.0,449760.0,189.3736321436371,154500.0,320200.0,350500.0,413650.0,,200000.0,408800.0,394900.0,,,False,25.611281701353356
Burlington,Willingboro,08046,6.0,372300.0,151650.0,503150.0,165.99077514143374,151650.0,,499800.0,313000.0,469050.0,151650.0,431600.0,506500.0,,,True,25.565790970089846
Ocean,Point Pleasant,08701,9.0,372200.0,186200.0,712300.0,241.14077669902912,198700.0,616800.0,314900.0,555250.0,,167450.0,413350.0,738300.0,,,True,25.55441828727397
Mercer,Lawrence,08618,14.0,370800.0,210260.0,569320.0000000001,211.52263374485597,334400.0,366200.0,314900.0,589900.0,,220200.0,380550.0,950900.0,375400.0,334400.0,False,25.3952007278517
Sussex,Newton,07843,19.0,370800.0,238720.0,567400.0,192.21060223584564,352200.0,381350.0,322400.0,470500.0,639500.0,214000.0,380500.0,639500.0,370800.0,534600.0,False,25.3952007278517
Mercer,Trenton,08550,8.0,369550.0,245830.0,404070.0,198.1411303702733,194800.0,378600.0,385350.0,362400.0,,194800.0,369550.0,,394000.0,,True,25.25304219265324
Atlantic,Pleasantville,08234,10.0,369000.0,205400.0,504249.99999999994,174.58292557901115,,384200.0,279900.0,328200.0,490100.0,203000.0,418000.0,,210800.0,,False,25.19049243716593
Mercer,Trenton,08628,8.0,368700.0,287480.0,541930.0,223.23190360176739,285800.0,356300.0,388700.0,542700.0,541600.0,262800.0,465150.0,,356300.0,370500.0,True,25.156374388718294
Sussex,Hardyston,07462,11.0,368400.0,259700.0,573400.0,211.20263591433277,,292750.0,432300.0,314650.0,384600.0,229900.0,369000.0,,,,False,25.122256340270667
Ocean,Jackson,08701,9.0,368000.0,198380.0,504000.0,216.42857142857142,210100.0,356450.0,489500.0,,,222250.0,402300.0,,481200.0,,True,25.076765609007168
Essex,Bloomfield,07017,11.0,366800.0,145100.0,819400.0,281.9954988747187,122500.0,370850.0,417800.0,286600.0,1477300.0,145100.0,381650.0,1477300.0,751800.0,,False,24.94029341521665
Sussex,Newton,07419,14.0,366000.0,259650.0,548560.0,205.66277512131506,340650.0,304200.0,447500.0,452900.0,,247500.0,497550.0,,296200.0,308900.0,False,24.849311952689643
Mercer,Princeton,08648,9.0,366000.0,201140.0,694820.0,217.95407098121086,372650.0,291900.0,353200.0,626400.0,702500.0,323050.0,489800.0,702500.0,366000.0,317000.0,True,24.849311952689643
Essex,Livingston,07017,3.0,365700.0,263940.0,504980.0,300.5567928730512,365700.0,238500.0,539800.0,,,302100.0,539800.0,,,,True,24.815193904242005
Ocean,Jackson,08723,4.0,365400.0,271400.0,535700.0,215.54672219067447,288200.0,442600.0,419900.0,,,276200.0,442600.0,,575600.0,,True,24.78107585579438
Sussex,Hopatcong,07462,12.0,365100.0,163810.0,527170.0,214.26126584057045,,199450.0,426850.0,386500.0,528200.0,199450.0,502900.0,1025200.0,318750.0,,False,24.746957807346753
Ocean,Toms River,08723,9.0,364400.0,285380.0,413720.0,201.07260726072607,314400.0,344200.0,364400.0,377600.0,,243700.0,381350.0,,344700.0,,True,24.667349027635623
Mercer,Hamilton,08648,5.0,364400.0,286460.0,556600.0,202.96610169491527,,360650.0,402400.0,,,,364400.0,,,,True,24.667349027635623
Warren,Mansfield,08865,20.0,362900.0,134380.0,517510.0,192.6608534173025,185000.0,362850.0,449900.0,482700.0,,185000.0,445600.0,482700.0,386800.0,190350.0,False,24.496758785397475
Ocean,Jackson,08759,9.0,361700.0,301940.0,549020.0,215.98011363636363,,357350.0,361700.0,,,,350700.0,,380750.0,,True,24.360286591606954
Camden,Cherry Hill,08043,9.0,361300.0,121380.0,509580.0,152.71289974847286,124000.0,283350.0,313500.0,361300.0,598300.0,117450.0,425000.0,,,,True,24.314795860343455
Burlington,Willingboro,08057,14.0,360800.0,271070.0,637930.0000000002,206.63556284923646,332650.0,316300.0,520350.0,360800.0,,189200.0,360800.0,770000.0,,,False,24.257932446264075
Burlington,Burlington,08057,14.0,360650.0,225380.0,662320.0,196.0937648150022,270550.0,345150.0,461650.0,322400.0,512900.0,230700.0,360650.0,676000.0,5079950.0,,False,24.240873422040263
Middlesex,Edison,07095,5.0,359400.0,234080.0,366600.0,218.34750911300122,368200.0,309550.0,,,,217000.0,,,359400.0,368200.0,True,24.0987148868418
Gloucester,West Deptford,08080,16.0,358550.0,217050.0,471800.0,170.81320742023917,243700.0,309800.0,471000.0,314600.0,367500.0,,367500.0,472400.0,261700.0,,False,24.00204708290686
Atlantic,Pleasantville,08401,7.0,355900.0,195180.0,644900.0000000001,181.11959287531806,156300.0,,395150.0,269500.0,908900.0,156300.0,395150.0,468900.0,221100.0,,True,23.70067098828613
Burlington,Evesham,08046,12.0,355350.0,179680.0,620630.0,188.84701397942922,259950.0,306200.0,360700.0,446900.0,,160900.0,365450.0,384100.0,306200.0,,False,23.638121232798824
Mercer,Ewing,08540,10.0,354350.0,202670.0,424870.0,178.7885599924443,392550.0,212300.0,419000.0,271500.0,,212300.0,415200.0,,,,False,23.524394404640052
Atlantic,Egg Harbor Township,08234,14.0,352700.0,180480.0,540670.0000000001,169.1590954654808,259300.0,178150.0,408350.0,442600.0,420100.0,190000.0,442600.0,615400.0,297150.0,,False,23.3367451381781
Passaic,Passaic,07055,14.0,352250.0,184290.0,1105080.0000000002,252.34295258091396,137900.0,286400.0,475400.0,372500.0,1293700.0,240800.0,485650.0,1235750.0,306200.0,,False,23.285568065506652
Gloucester,Monroe,08096,8.0,352100.0,211200.0,426510.0,175.498530884575,264850.0,298000.0,402100.0,368600.0,,,352100.0,,,,True,23.268509041282844
Warren,Hackettstown,07882,19.0,352000.0,195640.0,590680.0,182.62238763240768,254300.0,292250.0,369500.0,364800.0,637800.0,176800.0,358400.0,637850.0,235100.0,,False,23.257136358466962
Mercer,Ewing,08619,7.0,351100.0,243020.0,698760.0000000001,237.58445945945945,274200.0,529600.0,351100.0,596400.0,593500.0,267100.0,437400.0,852300.0,351100.0,,True,23.154782213124072
Burlington,Evesham,08057,18.0,350500.0,189860.0,515520.0,186.47625372581854,245550.0,461950.0,346700.0,302200.0,485550.0,189700.0,354300.0,457450.0,,301000.0,False,23.086546116228817
Mercer,Hamilton,08540,9.0,348600.0,199960.0,402820.0,211.29032258064515,,351150.0,343100.0,,,324800.0,356600.0,,348600.0,,True,22.870465142727173
Ocean,Lakewood,08753,8.0,348200.0,210320.0,467300.0,202.61291664844117,,226400.0,332300.0,415600.0,450200.0,226400.0,372400.0,,,,True,22.824974411463668
Sussex,Newton,07462,8.0,348000.0,215290.0,498909.99999999994,217.1163320897732,102800.0,330900.0,365100.0,334100.0,646400.0,102800.0,404700.0,,348000.0,,True,22.80222904583191
Ocean,Point Pleasant,08742,4.0,347750.0,300790.0,410810.0,173.918043809052,426500.0,333100.0,321300.0,,,321300.0,374200.0,,,,True,22.77379733879222
Passaic,Paterson,07506,7.0,346800.0,259240.0,560460.0000000001,239.41958887545346,340100.0,279000.0,483500.0,,,254300.0,396000.0,,,,True,22.665756852041394
Camden,Cherry Hill,08012,11.0,346400.0,181000.0,463400.0,156.90916917778733,,238050.0,364500.0,318550.0,,142500.0,324050.0,348400.0,346400.0,,False,22.620266120777888
Union,Union,07016,8.0,346000.0,236240.0,812190.0,256.1599140577041,257200.0,258500.0,,594900.0,895700.0,257200.0,413400.0,895700.0,238400.0,,True,22.574775389514386
Atlantic,Hammonton,08205,19.0,344800.0,178460.0,423780.0,173.2596685082873,181150.0,281550.0,364500.0,324650.0,446200.0,181150.0,348400.0,470400.0,,,False,22.43830319572387
Sussex,Hopatcong,07419,10.0,344650.0,247690.0,706759.9999999999,178.42672738450514,317100.0,372200.0,233950.0,672700.0,1013300.0,,317100.0,1013300.0,,,False,22.42124417150006
Middlesex,Old Bridge,08820,11.0,344200.0,222400.0,588100.0,235.46034639927075,248500.0,210250.0,435600.0,344200.0,848600.0,238700.0,437750.0,1109100.0,456100.0,,False,22.370067098828613
Atlantic,Atlantic City,08234,11.0,344000.0,199300.0,578900.0,174.67134092900963,,271800.0,344000.0,265600.0,627300.0,,271800.0,627300.0,,,False,22.34732173319686
Ocean,Point Pleasant,08723,6.0,343950.0,217200.0,496500.0,237.6552005162082,220400.0,273250.0,418600.0,511200.0,,217200.0,481800.0,,332500.0,,True,22.341635391788923
Atlantic,Atlantic City,08205,13.0,343100.0,181120.0,521620.00000000006,151.97912135711178,182950.0,349400.0,321100.0,443150.0,797600.0,173600.0,409100.0,797600.0,343000.0,,False,22.24496758785397
Monmouth,Asbury Park,07701,8.0,341000.0,268460.0,837180.0,278.89145325767174,256000.0,273950.0,779100.0,369800.0,972700.0,273800.0,428850.0,972700.0,,,True,22.006141248720574
Warren,Hackettstown,08865,22.0,339700.0,158490.0,488800.00000000006,192.00901200080745,273600.0,111400.0,355450.0,364250.0,478900.0,258100.0,338300.0,460900.0,491900.0,150700.0,False,21.858296372114182
Burlington,Burlington,08016,14.0,339150.0,196870.0,646990.0000000002,215.0738092441798,257100.0,200250.0,438800.0,419300.0,857100.0,224450.0,438800.0,638200.0,275300.0,,False,21.79574661662686
Burlington,Evesham,08054,11.0,338500.0,297600.0,744900.0,193.4319526627219,,313600.0,338500.0,365100.0,796150.0,,334050.0,796150.0,297600.0,,False,21.721824178323665
Warren,Washington,07840,22.0,337350.0,219100.0,521770.00000000006,200.90603604906295,271200.0,364900.0,238850.0,360200.0,753500.0,230400.0,351100.0,679000.0,331600.0,,False,21.591038325941085
Atlantic,Galloway,08232,10.0,336750.0,179420.0,425300.0,166.608325654507,,219950.0,417800.0,360200.0,,167100.0,389000.0,,289700.0,,False,21.52280222904583
Camden,Gloucester Township,08109,12.0,336700.0,173080.0,557820.0,151.25999014149198,,239600.0,305650.0,383700.0,367200.0,,283150.0,478450.0,262100.0,,False,21.517115887637893
Gloucester,West Deptford,08028,11.0,335800.0,261200.0,597600.0,176.22727272727272,335800.0,492650.0,275650.0,354800.0,280400.0,145500.0,335800.0,597600.0,,,False,21.414761742295006
Sussex,Hardyston,07843,18.0,335600.0,137410.0,776900.0,205.21396122712233,144100.0,216100.0,325300.0,405100.0,777100.0,144100.0,367500.0,8546550.0,325300.0,442100.0,False,21.392016376663257
Sussex,Newton,07871,10.0,335350.0,177580.0,573159.9999999999,191.88117809085963,299500.0,179800.0,379700.0,216450.0,554000.0,179800.0,335350.0,603050.0,275300.0,,False,21.363584669623567
Burlington,Evesham,08016,13.0,335200.0,171420.0,574280.0000000001,187.88013318534962,172700.0,271900.0,383800.0,367700.0,846400.0,171900.0,365850.0,846400.0,,,False,21.34652564539975
Passaic,Clifton,07501,21.0,332500.0,225400.0,596700.0,224.38465941614197,270300.0,550400.0,479100.0,,,225400.0,479100.0,,435900.0,269500.0,False,21.039463209371085
Somerset,Somerville,08807,8.0,332200.0,294190.0,569030.0,306.2704452482483,,325500.0,332200.0,545300.0,,225800.0,335800.0,,435400.0,,True,21.00534516092346
Mercer,Princeton,08619,7.0,332100.0,154160.0,389520.0,217.72486772486772,176100.0,358350.0,332100.0,,,176100.0,371250.0,,332100.0,,True,20.993972478107587
Gloucester,Deptford,08086,20.0,331750.0,194840.0,543340.0000000001,159.7340290662425,161550.0,267100.0,349500.0,328600.0,317650.0,137600.0,348300.0,664200.0,225250.0,,False,20.95416808825202
Atlantic,Atlantic City,08232,14.0,329100.0,212640.0,455740.00000000006,162.1541306386082,244350.0,284200.0,397000.0,544900.0,475900.0,215400.0,341950.0,475900.0,405700.0,,False,20.6527919936313
Sussex,Hopatcong,07871,12.0,328850.0,212880.0,470430.0,198.458614758357,206300.0,317900.0,315650.0,405750.0,415400.0,189650.0,381250.0,,283050.0,,False,20.62436028659161
Atlantic,Egg Harbor Township,08205,8.0,328700.0,217150.0,504990.0,144.11487997856543,324000.0,264850.0,279300.0,524650.0,,235300.0,412700.0,,279300.0,,True,20.60730126236779
Gloucester,Glassboro,08080,13.0,327000.0,188800.0,542960.0000000001,177.14408233276157,,160900.0,362650.0,336350.0,564300.0,179500.0,387700.0,,250200.0,,False,20.413965654497893
Burlington,Moorestown,08016,9.0,326000.0,117160.0,600260.0,210.9375,110650.0,315300.0,618900.0,326000.0,595600.0,121500.0,380800.0,595600.0,,,True,20.300238826339132
Burlington,Mount Laurel,08054,10.0,325200.0,239400.0,574270.0,191.0324408852766,248250.0,324800.0,373500.0,250400.0,572700.0,223000.0,373500.0,,324800.0,,False,20.20925736381212
Ocean,Toms River,08527,4.0,320050.0,218510.0,498940.00000000006,254.80310150375942,320050.0,568300.0,182300.0,,,303000.0,337100.0,,,,True,19.623564198794497
Union,Westfield,07201,12.0,319950.0,226780.0,758270.0000000001,260.8305521951323,439800.0,245300.0,258400.0,778600.0,,240000.0,363700.0,817300.0,225900.0,,False,19.612191515978616
Warren,Phillipsburg,07882,11.0,319600.0,151100.0,446300.0,178.6,178600.0,336550.0,462400.0,,,180100.0,442250.0,,353500.0,252000.0,False,19.572387126123054
Warren,Mansfield,07882,17.0,319500.0,215440.0,628720.0,191.14015976761075,297750.0,253500.0,407450.0,590200.0,685650.0,254400.0,334400.0,802100.0,371850.0,386300.0,False,19.561014443307172
Passaic,Wayne,07055,14.0,319350.0,201130.0,573730.0,250.99347647366565,297000.0,329000.0,,752250.0,540500.0,294600.0,500400.0,946800.0,431850.0,248800.0,False,19.54395541908336
Ocean,Point Pleasant,08527,12.0,319300.0,188520.0,743410.0,236.7407678414839,212300.0,,503500.0,535300.0,846350.0,212300.0,535300.0,846350.0,,,False,19.53826907767542
Gloucester,Deptford,08096,6.0,318450.0,214900.0,446750.0,163.3993824926956,216250.0,309000.0,402700.0,325200.0,490800.0,120800.0,363950.0,490800.0,309000.0,311700.0,True,19.44160127374047
Gloucester,Washington Township,08086,16.0,317150.0,134600.0,518200.0,170.22497499526938,134600.0,215950.0,430750.0,510300.0,331900.0,140400.0,377150.0,,341700.0,,False,19.293756397134082
Burlington,Mount Laurel,08016,8.0,316750.0,212950.0,442590.0,167.63635889138266,272100.0,329150.0,316750.0,484100.0,,270350.0,371500.0,484100.0,,272100.0,True,19.248265665870576
Ocean,Brick,08701,9.0,315300.0,233620.0,547720.0,206.07843137254903,300300.0,243500.0,389300.0,479300.0,821400.0,271900.0,343550.0,479300.0,,,True,19.083361765040372
Middlesex,Woodbridge,08854,5.0,315200.0,251700.0,606440.0,219.04553415061295,,,307150.0,677200.0,,,315200.0,,,,True,19.071989082224494
Sussex,Vernon,07871,7.0,314900.0,233000.0,606120.0,188.82938026013773,,325200.0,448950.0,246800.0,,,299950.0,,438100.0,,True,19.037871033776867
Atlantic,Egg Harbor Township,08037,11.0,314100.0,146300.0,474400.0,172.6027397260274,146300.0,285750.0,534550.0,296850.0,,139300.0,335000.0,,297300.0,,False,18.94688957124986
Gloucester,Glassboro,08096,15.0,312700.0,186860.0,555560.0,166.21743036837375,232450.0,,340600.0,561750.0,189500.0,199900.0,428600.0,,340600.0,265000.0,False,18.787672011827595
Burlington,Mount Laurel,08046,11.0,312300.0,138300.0,616200.0,205.18994114499733,101800.0,225300.0,383500.0,190100.0,,120050.0,312300.0,,349450.0,,False,18.74218128056408
Cape May,Wildwood,08202,4.0,311150.0,224650.0,450710.00000000006,309.20421072223945,,253900.0,406300.0,,,317500.0,304800.0,,,,True,18.611395428181506
Atlantic,Egg Harbor Township,08232,14.0,309850.0,182620.0,470230.0,164.94410881392696,184100.0,,300100.0,416850.0,371000.0,186300.0,395400.0,371000.0,300100.0,162600.0,False,18.463550551575118
Burlington,Moorestown,08053,14.0,302800.0,154430.0,507040.0,168.39691969751863,325600.0,229650.0,333950.0,434350.0,,152000.0,359600.0,,234800.0,499200.0,False,17.66177641305584
Gloucester,Washington Township,08096,11.0,302300.0,111900.0,363700.0,140.71065989847716,126750.0,236150.0,402100.0,330300.0,,111900.0,303400.0,,,141600.0,False,17.604912998976456
Gloucester,Glassboro,08028,12.0,300350.0,154770.0,543600.0,155.44385264623088,255150.0,291300.0,233600.0,,573400.0,195700.0,291300.0,573400.0,433800.0,,False,17.383145684066868
Middlesex,Edison,08901,5.0,300100.0,207300.0,719940.0,246.2797619047619,162300.0,274800.0,682700.0,300100.0,,218550.0,496500.0,,,,True,17.354713977027178
Atlantic,Atlantic City,08037,12.0,298650.0,149030.0,431190.0,168.53841835621654,148800.0,261700.0,352700.0,438650.0,382800.0,151100.0,382800.0,,,,False,17.18981007619697
Mercer,Ewing,08648,11.0,297900.0,202800.0,499000.0,190.6015037593985,342000.0,221250.0,467000.0,414300.0,,202800.0,342000.0,,467000.0,,False,17.1045149550779
Warren,Phillipsburg,08865,22.0,297800.0,166040.0,406240.0,197.86590920199603,282300.0,287300.0,336600.0,394000.0,292500.0,167300.0,336600.0,,375100.0,407600.0,False,17.09314227226203
Camden,Pennsauken,08043,13.0,297600.0,166940.0,366200.0,137.62626262626262,136800.0,265000.0,298950.0,362000.0,,136800.0,297600.0,362000.0,244100.0,,False,17.070396906630272
Atlantic,Galloway,08037,9.0,297500.0,126360.0,469300.00000000006,158.5820895522388,126600.0,148400.0,316000.0,712500.0,408500.0,148400.0,338200.0,,297500.0,,True,17.059024223814397
Gloucester,Monroe,08094,21.0,297400.0,174600.0,410100.0,165.352390340069,,280700.0,316450.0,,,190100.0,345150.0,,255700.0,,False,17.047651540998526
Mercer,Ewing,08618,11.0,297200.0,225600.0,810300.0,225.91549295774647,227350.0,291000.0,685850.0,,,249700.0,373000.0,886900.0,,257200.0,False,17.024906175366773
Camden,Cherry Hill,08105,11.0,296900.0,198500.0,381500.0,156.80173661360348,411500.0,213950.0,339200.0,198500.0,,,312500.0,,211200.0,411500.0,False,16.990788126919142
Warren,Washington,08865,17.0,295400.0,171640.0,535500.0,197.77992277992277,242900.0,251550.0,453400.0,409800.0,,242900.0,363000.0,1062300.0,218250.0,,False,16.820197884680994
Union,Summit,07016,3.0,293000.0,269640.0,394920.0,246.21848739495798,342100.0,,293000.0,,,263800.0,356700.0,,,,True,16.547253497099966
Burlington,Moorestown,08046,6.0,292350.0,208350.0,445800.0,208.30530871361753,,150600.0,275100.0,431600.0,,150600.0,357850.0,,300600.0,,True,16.47333105879677
Burlington,Willingboro,08054,14.0,292100.0,171730.0,556700.0,186.95962082672207,166900.0,229700.0,374600.0,629600.0,557300.0,183000.0,409300.0,557300.0,431700.0,,False,16.44489935175708
Gloucester,West Deptford,08086,15.0,290600.0,166080.0,471400.0,168.34986474301172,256850.0,191250.0,372950.0,313100.0,1007500.0,166300.0,360950.0,629400.0,372500.0,,False,16.274309109518935
Gloucester,Monroe,08080,14.0,289650.0,125670.0,474860.00000000006,159.36732909805852,244350.0,322950.0,289650.0,328000.0,,98800.0,354000.0,607500.0,228150.0,418800.0,False,16.166268622768108
Atlantic,Pleasantville,08205,15.0,289300.0,117980.0,558420.0,170.0,207550.0,234600.0,440100.0,375600.0,,178600.0,385750.0,563900.0,236100.0,,False,16.126464232912543
Burlington,Burlington,08053,11.0,288100.0,141000.0,423400.0,180.253766851705,329000.0,227300.0,301500.0,,300700.0,123000.0,300700.0,,278300.0,329000.0,False,15.989992039122027
Camden,Pennsauken,08109,8.0,287950.0,183600.0,457880.0,125.46150132223251,,354300.0,287950.0,215400.0,,164000.0,322050.0,,,,True,15.97293301489821
Gloucester,Deptford,08094,11.0,287000.0,153700.0,517900.0,167.28395061728395,131050.0,287000.0,,517900.0,526100.0,170700.0,317000.0,517900.0,287000.0,,False,15.864892528147386
Warren,Washington,07882,16.0,286050.0,138300.0,508500.0,179.97275819989665,98100.0,309400.0,377100.0,454400.0,,194300.0,398400.0,,210000.0,98100.0,False,15.756852041396566
Mercer,West Windsor,08550,8.0,285150.0,188890.0,698199.9999999999,233.7649540786325,208600.0,273800.0,374400.0,,1184700.0,233850.0,489700.0,,486200.0,,True,15.654497896053677
Atlantic,Hammonton,08401,13.0,284500.0,170420.0,418580.00000000006,168.6829268292683,172900.0,284500.0,360300.0,,796900.0,171350.0,333800.0,796900.0,,,False,15.580575457750486
Atlantic,Pleasantville,08037,17.0,284400.0,140680.0,620840.0,166.2468513853904,229100.0,173250.0,278250.0,419700.0,607000.0,183050.0,285800.0,556750.0,303900.0,703200.0,False,15.56920277493461
Gloucester,Glassboro,08094,6.0,280750.0,213100.0,367550.0,175.43395192370832,,300800.0,176400.0,338050.0,268700.0,249800.0,292800.0,,,,True,15.154099852155126
Camden,Camden,08109,12.0,279250.0,173210.0,397490.0,134.97923422654605,302600.0,172800.0,298650.0,312200.0,,164150.0,312200.0,,279200.0,,False,14.983509609916979
Atlantic,Hammonton,08234,10.0,278050.0,167230.0,503099.9999999999,157.3897702568828,72100.0,339050.0,177800.0,373250.0,,72100.0,369600.0,,216700.0,,False,14.84703741612646
Sussex,Hopatcong,07860,8.0,277900.0,207660.0,579900.0,184.06363990469606,247750.0,153900.0,342800.0,291000.0,702400.0,264800.0,291000.0,702400.0,261000.0,,True,14.829978391902651
Camden,Camden,08003,15.0,276800.0,185600.0,347800.0,135.4824751189961,,196100.0,287100.0,,346600.0,174100.0,281200.0,526400.0,,,False,14.70487888092801
Warren,Hackettstown,07840,32.0,276550.0,133470.0,520090.0,184.80988397176225,195350.0,269000.0,416500.0,432200.0,449700.0,195350.0,343450.0,,428700.0,186550.0,False,14.676447173888322
Camden,Cherry Hill,08109,20.0,272350.0,160790.0,468550.0000000002,135.49826887901753,129550.0,254800.0,300300.0,409150.0,460000.0,129550.0,272350.0,609600.0,,,False,14.19879449562152
Sussex,Vernon,07462,9.0,271300.0,177680.0,368460.0,196.40287769784172,258500.0,184700.0,149600.0,291950.0,510300.0,190800.0,314050.0,,,,True,14.079381326054815
Atlantic,Hammonton,08232,17.0,270600.0,161760.0,490400.0,168.5501533070521,269100.0,310650.0,251600.0,,467000.0,214400.0,369200.0,467000.0,270600.0,323800.0,False,13.999772546343682
Passaic,Hawthorne,07011,11.0,270300.0,236900.0,646400.0,218.15727303408707,241700.0,262400.0,406000.0,,646400.0,245700.0,295000.0,646400.0,406000.0,241700.0,False,13.965654497896052
Mercer,Trenton,08618,4.0,267200.0,232670.0,389230.0,178.72642276811774,271700.0,439600.0,219800.0,262700.0,,,262700.0,,,271700.0,True,13.613101330603888
Camden,Cherry Hill,08003,13.0,266800.0,128600.0,468800.0,127.17488789237669,161350.0,311950.0,207500.0,,354450.0,129000.0,302100.0,499000.0,,180900.0,False,13.567610599340382
Atlantic,Galloway,08401,5.0,266200.0,167120.0,329540.0,153.34101382488478,140600.0,206900.0,286400.0,,,,206900.0,,276300.0,,True,13.49937450244513
Gloucester,Glassboro,08086,14.0,263900.0,150400.0,387580.0000000001,173.86448006469982,177700.0,233650.0,284150.0,254950.0,331300.0,181550.0,265900.0,,262600.0,,False,13.237802797679974
Camden,Gloucester Township,08043,15.0,263900.0,146860.0,423680.0,136.24161073825502,322700.0,172550.0,270300.0,356800.0,294400.0,125450.0,262750.0,386000.0,,514100.0,False,13.237802797679974
Sussex,Vernon,07860,11.0,263300.0,144600.0,427200.0,189.78231896934696,,207500.0,371000.0,,,235050.0,289600.0,,353000.0,,False,13.169566700784719
Ocean,Brick,08527,6.0,262850.0,186500.0,361500.0,218.9067347428037,,240600.0,170800.0,354900.0,,202200.0,262850.0,,298300.0,,True,13.118389628113272
Atlantic,Atlantic City,08401,11.0,258700.0,133500.0,397000.0,152.14285714285714,174900.0,388200.0,231600.0,417800.0,340700.0,,258700.0,,379400.0,133500.0,False,12.646423291254408
Gloucester,Deptford,08080,11.0,258000.0,184000.0,441600.0,174.573055028463,,284200.0,246900.0,172950.0,479300.0,,255450.0,539200.0,184000.0,,False,12.566814511543273
Gloucester,Washington Township,08094,7.0,257800.0,128540.0,428740.0000000001,146.06688648139425,189150.0,310100.0,244050.0,,,,257800.0,606700.0,209850.0,120500.0,True,12.544069145911518
Camden,Voorhees,08012,13.0,256400.0,196820.0,351520.0,129.42958101968702,330400.0,211900.0,292800.0,263950.0,,111600.0,265850.0,,256400.0,330400.0,False,12.384851586489255
Camden,Gloucester Township,08003,21.0,252900.0,143200.0,511100.0,147.8021978021978,763000.0,252900.0,238550.0,204600.0,693100.0,104400.0,252900.0,469150.0,,763000.0,False,11.986807687933581
Camden,Camden,08043,19.0,252700.0,136160.0,369339.99999999994,143.33986287952987,142350.0,208200.0,331900.0,273600.0,381700.0,150700.0,273600.0,,292700.0,,False,11.964062322301832
Sussex,Sparta,07860,8.0,252500.0,140550.0,397360.0,184.80415053774888,172650.0,117800.0,305400.0,,,156400.0,294900.0,,285400.0,,True,11.941316956670077
Gloucester,West Deptford,08096,10.0,251050.0,151360.0,377309.99999999994,143.97758738242334,152700.0,268100.0,199300.0,224200.0,435750.0,146000.0,297100.0,,219200.0,276500.0,False,11.77641305583987
Atlantic,Pleasantville,08232,10.0,247650.0,122520.0,528860.0,166.37235927906534,257800.0,229450.0,247650.0,602300.0,,172100.0,257800.0,602300.0,,,False,11.389741840100081
Middlesex,New Brunswick,08816,5.0,247400.0,198220.0,407820.0,242.49699879951982,226850.0,221550.0,,,511900.0,202000.0,251700.0,511900.0,,,True,11.36131013306039
Atlantic,Hammonton,08037,6.0,247300.0,153950.0,417500.0,172.46939673366984,,208400.0,,,417500.0,107700.0,282500.0,,208400.0,,True,11.349937450244513
Sussex,Sparta,07419,6.0,247050.0,199600.0,530850.0,203.37880745031043,229200.0,,368300.0,540800.0,,229200.0,520900.0,,,,True,11.321505743204822
Camden,Voorhees,08003,10.0,245300.0,175170.0,410319.99999999994,171.09252649653914,182200.0,233600.0,277150.0,326950.0,,172750.0,285950.0,505000.0,,182200.0,False,11.122483793926984
Cumberland,Vineland,08302,31.0,242900.0,117200.0,418800.0,119.35483870967742,145400.0,187950.0,280600.0,242900.0,270500.0,117200.0,243300.0,595500.0,273700.0,260500.0,False,10.849539406345954
Camden,Pennsauken,08012,10.0,242200.0,166820.0,622120.0,143.55090794269043,171250.0,211700.0,253400.0,,677000.0,231000.0,253400.0,677000.0,184400.0,50000.0,False,10.769930626634826
Salem,Carneys Point,08079,34.0,242050.0,108450.0,370820.0,118.81215606533729,307000.0,95900.0,227200.0,292600.0,318350.0,95900.0,235250.0,298000.0,253800.0,363400.0,False,10.752871602411004
Cumberland,Vineland City,08302,18.0,241750.0,138620.0,346000.00000000006,128.399821716798,111200.0,241750.0,185500.0,381700.0,415600.0,111200.0,185500.0,350100.0,278050.0,,False,10.718753553963381
Camden,Voorhees,08109,6.0,241050.0,128250.0,407100.0,174.29079434167573,,224900.0,155000.0,,407100.0,224900.0,206100.0,319800.0,,,True,10.639144774252246
Camden,Gloucester Township,08105,11.0,240900.0,104700.0,598900.0,137.3277661795407,91900.0,122550.0,265300.0,217600.0,636900.0,104700.0,240900.0,636900.0,140400.0,,False,10.622085750028432
Camden,Pennsauken,08003,8.0,238450.0,126070.0,370430.0,133.39352471976153,155000.0,313100.0,294400.0,127000.0,488100.0,294400.0,182500.0,488100.0,,127500.0,True,10.343455021039464
Camden,Pennsauken,08105,13.0,236000.0,85080.0,397720.00000000006,124.32146633768065,152200.0,186800.0,361800.0,236000.0,,110200.0,352700.0,,186800.0,136500.0,False,10.06482429205049
Burlington,Willingboro,08053,7.0,235600.0,122300.0,444240.00000000006,168.88080072793448,170500.0,349150.0,398600.0,285400.0,,185600.0,342000.0,,512700.0,50000.0,True,10.01933356078699
Camden,Camden,08105,15.0,235000.0,107900.0,441239.99999999994,140.25735294117646,112050.0,227700.0,232900.0,272400.0,613800.0,129800.0,283700.0,613800.0,170800.0,,False,9.951097463891733
Camden,Voorhees,08105,13.0,229200.0,141860.0,444380.00000000006,135.80579905596764,168500.0,215300.0,245500.0,485200.0,426500.0,137100.0,245500.0,485200.0,215300.0,,False,9.29148186057091
Camden,Voorhees,08043,11.0,226600.0,173600.0,382700.0,153.35714285714286,,138400.0,255500.0,214700.0,,177650.0,260250.0,,223500.0,,False,8.995792107358122
Atlantic,Galloway,08234,11.0,225200.0,151900.0,357400.0,165.22088353413653,225200.0,165300.0,326850.0,195100.0,,197200.0,231750.0,,,357400.0,False,8.836574547935859
Camden,Gloucester Township,08012,13.0,224200.0,147500.0,352860.0,147.49276759884282,219700.0,182500.0,304950.0,156300.0,,183150.0,290400.0,,225600.0,,False,8.722847719777095
Salem,Salem,08069,22.0,224150.0,134740.0,359800.0,117.33038474017658,224400.0,208200.0,220250.0,279200.0,,133600.0,224400.0,407850.0,179800.0,,False,8.717161378369159
Burlington,Mount Laurel,08053,3.0,223000.0,216360.0,280040.0,168.55631141345427,214700.0,294300.0,,223000.0,,,223000.0,,,,True,8.586375525986579
Gloucester,Washington Township,08080,16.0,222300.0,135550.0,533500.0,166.05844931018328,143900.0,218000.0,304900.0,227750.0,348250.0,143900.0,254000.0,533500.0,201500.0,,False,8.506766746275447
Cumberland,Vineland City,08360,22.0,222250.0,137490.0,362560.0000000001,114.89905596148795,230800.0,190300.0,189800.0,367200.0,388200.0,138250.0,230650.0,388650.0,221800.0,,False,8.501080404867507
Salem,Penns Grove,08079,26.0,221100.0,84250.0,330500.0,114.52113055181695,223500.0,206400.0,199400.0,200300.0,293550.0,147900.0,239200.0,342500.0,151500.0,175350.0,False,8.37029455248493
Atlantic,Egg Harbor Township,08401,10.0,220300.0,111230.0,442679.9999999998,176.07252791610813,,154950.0,228800.0,265100.0,397000.0,109750.0,216700.0,853800.0,228800.0,,False,8.27931308995792
Gloucester,West Deptford,08094,19.0,218000.0,107720.0,556340.0,170.18425460636516,210800.0,153100.0,256100.0,406400.0,,124200.0,251500.0,407800.0,440100.0,210800.0,False,8.01774138519277
Burlington,Burlington,08054,9.0,217500.0,157020.0,470780.00000000006,193.27091866588648,157900.0,178050.0,399800.0,,,171700.0,365050.0,,,,True,7.9608779711133835
Atlantic,Galloway,08205,15.0,214100.0,146960.0,380460.0,187.42857142857142,181800.0,188300.0,266200.0,541150.0,,182350.0,266200.0,,254750.0,,False,7.5742067553735914
Cumberland,Bridgeton,08302,34.0,213950.0,130370.0,340500.0,120.70672176332786,186100.0,205100.0,252100.0,196750.0,323500.0,133100.0,218200.0,366500.0,284400.0,,False,7.557147731149777
Burlington,Evesham,08053,8.0,212850.0,130040.0,369060.0,185.21858864027539,198200.0,196600.0,365600.0,,,175550.0,296500.0,,233800.0,264100.0,True,7.432048220175138
Cumberland,Vineland,08360,18.0,209250.0,91330.0,378580.00000000006,103.57786911460366,203600.0,98000.0,202600.0,209600.0,345500.0,97300.0,232700.0,485550.0,181000.0,,False,7.0226316388035945
Cumberland,Bridgeton,08332,17.0,209200.0,82400.0,323200.0,111.23899796885578,101800.0,160500.0,302100.0,265800.0,,96400.0,220400.0,319600.0,235250.0,63400.0,False,7.016945297395654
Gloucester,Washington Township,08028,12.0,208700.0,131930.0,520290.00000000006,153.72536747448157,131000.0,176400.0,329400.0,238100.0,,140300.0,310900.0,238100.0,,,False,6.960081883316273
Salem,Pennsville,08069,26.0,206500.0,100950.0,341250.0,112.01272916467275,152000.0,144600.0,228300.0,286400.0,372600.0,115050.0,225400.0,412000.0,209100.0,,False,6.709882861366996
Cumberland,Millville,08360,16.0,204950.0,104000.0,297100.0,117.83410307794368,141800.0,229800.0,222500.0,183700.0,,114950.0,244550.0,322500.0,136000.0,,False,6.533606277720912
Salem,Salem,08070,27.0,198700.0,101860.0,315100.00000000006,104.72764645426516,106600.0,189300.0,243150.0,226700.0,,104250.0,214050.0,,194700.0,219700.0,False,5.822813601728645
Cumberland,Vineland,08332,18.0,198700.0,95610.0,325310.0,131.71110176619007,98700.0,153700.0,198700.0,266300.0,369450.0,104200.0,266300.0,442700.0,228400.0,,False,5.822813601728645
Cumberland,Millville,08302,22.0,195450.0,133150.0,285740.0,106.89453327150437,190150.0,169000.0,194800.0,285900.0,,174900.0,256400.0,,131600.0,135350.0,False,5.453201410212669
Cumberland,Vineland City,08332,16.0,195050.0,116400.0,292000.0,113.82037929574821,119700.0,226950.0,211700.0,263300.0,,152900.0,222900.0,320700.0,,,False,5.407710678949165
Salem,Penns Grove,08070,23.0,193200.0,83120.0,343500.0,121.03281334050565,147200.0,171800.0,199300.0,210900.0,337550.0,94400.0,210900.0,404350.0,193200.0,74400.0,False,5.197316046855454
Salem,Carneys Point,08070,28.0,191750.0,100470.0,366020.00000000006,105.13711902411117,137700.0,190500.0,193000.0,320500.0,419200.0,103500.0,215500.0,419200.0,148700.0,,False,5.032412146025245
Salem,Carneys Point,08069,21.0,189600.0,97500.0,426400.0,107.34265734265735,103250.0,178750.0,196800.0,210300.0,426400.0,80100.0,189600.0,492000.0,204000.0,,False,4.787899465483907
Cumberland,Bridgeton,08360,28.0,183950.0,116300.0,324520.00000000006,115.0140099897318,136550.0,178650.0,213200.0,158200.0,315900.0,133200.0,196300.0,390400.0,,186400.0,False,4.1453428863868975
Salem,Penns Grove,08069,28.0,182350.0,109100.0,292150.0,118.22940292859246,117400.0,153750.0,196750.0,286750.0,240450.0,105900.0,207950.0,232800.0,173950.0,,False,3.963379961332876
Camden,Camden,08012,14.0,180550.0,139170.0,383400.0000000001,130.9772374006098,106200.0,230450.0,212350.0,147500.0,419700.0,106200.0,192200.0,427450.0,165200.0,,False,3.7586716706471046
Sussex,Sparta,07843,7.0,180500.0,114640.0,553080.0000000001,184.74040632054175,132900.0,194350.0,409200.0,454050.0,,134200.0,254500.0,768900.0,,,True,3.752985329239164
Salem,Pennsville,08070,17.0,178500.0,107460.0,328760.0,115.90751445086705,223600.0,139900.0,178500.0,185100.0,338900.0,140450.0,191800.0,501300.0,133350.0,,False,3.5255316729216424
Salem,Salem,08079,15.0,151500.0,131060.0,402740.0,120.98844672657253,134600.0,136800.0,209150.0,281350.0,419900.0,134600.0,173200.0,443750.0,151500.0,,False,0.45490731263505113
Cumberland,Millville,08332,18.0,150850.0,90830.0,279640.0,112.24377110838526,138300.0,197600.0,164850.0,209900.0,96400.0,92300.0,188700.0,260900.0,204700.0,140800.0,False,0.38098487433185235
Salem,Pennsville,08079,35.0,147500.0,83900.0,271320.0,109.31709899417682,121900.0,129400.0,227400.0,206500.0,208350.0,98150.0,184850.0,,202600.0,107950.0,False,0.0
