micro_market,Condo/Co-op|1BR,Condo/Co-op|2BR,Condo/Co-op|3BR,Condo/Co-op|4BR,Land|1BR,Multi-Family|2BR,Multi-Family|3BR,Multi-Family|4BR,Multi-Family|5+BR,Single Family|1BR,Single Family|2BR,Single Family|3BR,Single Family|4BR,Single Family|5+BR,Townhouse|2BR,Townhouse|3BR,Townhouse|4BR
Atlantic / Atlantic City / 08037,148800.0,169400.0,,,,,,,,,364900.0,352700.0,438600.0,382800.0,,,
Atlantic / Atlantic City / 08205,186000.0,,161200.0,,,,,,797600.0,179900.0,409100.0,422400.0,443200.0,,346200.0,321100.0,
Atlantic / Atlantic City / 08232,244400.0,173000.0,,,,,,,475900.0,,332200.0,361500.0,544900.0,,,405700.0,
Atlantic / Atlantic City / 08234,,,,,,,,,627300.0,,271800.0,344000.0,265600.0,,,,
Atlantic / Atlantic City / 08401,,,,,133500.0,,,,,273300.0,397000.0,231600.0,417800.0,340700.0,379400.0,,
Atlantic / Egg Harbor Township / 08037,146300.0,132300.0,,,,,,,,,295800.0,534600.0,314100.0,,315000.0,,279600.0
Atlantic / Egg Harbor Township / 08205,235300.0,,,,,,,,,412700.0,264800.0,,524600.0,,,279300.0,
Atlantic / Egg Harbor Township / 08232,186300.0,,,,162600.0,,,,371000.0,213600.0,,343200.0,416800.0,,,300100.0,
Atlantic / Egg Harbor Township / 08234,259300.0,108300.0,190000.0,,,,,749700.0,481100.0,,,473000.0,368800.0,359100.0,248000.0,346300.0,
Atlantic / Egg Harbor Township / 08401,,109800.0,,,,,853800.0,,,,207500.0,207400.0,265100.0,397000.0,,228800.0,
Atlantic / Galloway / 08037,126600.0,157300.0,,,,,,,,,125400.0,327100.0,712500.0,408500.0,,297500.0,
Atlantic / Galloway / 08205,181800.0,182900.0,,,,,,,,,188300.0,238600.0,541200.0,,241800.0,267700.0,
Atlantic / Galloway / 08232,,167100.0,,,,,,,,,,417800.0,360200.0,,289700.0,,
Atlantic / Galloway / 08234,194800.0,199600.0,,,357400.0,,,,,225200.0,131000.0,326800.0,195100.0,,,,
Atlantic / Galloway / 08401,,,,,,,,,,140600.0,206900.0,358300.0,,,,276300.0,
Atlantic / Hammonton / 08037,,107700.0,,,,,,,,,278000.0,,,417500.0,208400.0,,
Atlantic / Hammonton / 08205,181200.0,,,,,,,,470400.0,,281600.0,364500.0,324600.0,422000.0,,,
Atlantic / Hammonton / 08232,189300.0,213000.0,232600.0,,323800.0,,,,467000.0,454900.0,458400.0,297000.0,,,,270600.0,
Atlantic / Hammonton / 08234,72100.0,,,,,,,,,,457100.0,177800.0,373200.0,,216700.0,,
Atlantic / Hammonton / 08401,172900.0,169800.0,,,,,,,796900.0,,297800.0,360300.0,,,,,
Atlantic / Pleasantville / 08037,142600.0,197500.0,168600.0,,703200.0,,,506500.0,607000.0,,128200.0,285800.0,419700.0,,,,303900.0
Atlantic / Pleasantville / 08205,122600.0,234600.0,,,,,563900.0,,,292500.0,185200.0,440100.0,375600.0,,257700.0,214500.0,
Atlantic / Pleasantville / 08232,122700.0,221500.0,,,,,,602300.0,,389200.0,505400.0,247600.0,,,,,
Atlantic / Pleasantville / 08234,,200000.0,206000.0,,,,,,,,507900.0,353800.0,418000.0,490100.0,,,210800.0
Atlantic / Pleasantville / 08401,156300.0,,,,,,468900.0,,,,,395200.0,269500.0,908900.0,,221100.0,
Bergen / Englewood / 07024,385200.0,,,,,,,,821300.0,,905100.0,590900.0,,664100.0,,,
Bergen / Englewood / 07410,,436700.0,,,445000.0,,,,,525000.0,273700.0,829600.0,827600.0,,,,
Bergen / Englewood / 07450,405800.0,531700.0,,,282100.0,,,1176300.0,1142700.0,,517300.0,670400.0,1672000.0,,,,
Bergen / Englewood / 07601,,400000.0,,,,,,,,,750400.0,854500.0,868200.0,,,654100.0,
Bergen / Englewood / 07631,358600.0,412200.0,,,,,,,,,,,755500.0,,,,
Bergen / Englewood / 07652,323200.0,460200.0,,,,,,,,601400.0,915100.0,1097700.0,,,,760300.0,
Bergen / Englewood / 07666,301000.0,,301600.0,,,,,,,,801300.0,597600.0,,1230000.0,749100.0,698900.0,
Bergen / Fair Lawn / 07024,,,,,,,,,1074800.0,542800.0,931900.0,531200.0,1207700.0,546600.0,753600.0,956400.0,
Bergen / Fair Lawn / 07410,,,,,,,,,993300.0,,619100.0,823500.0,,800700.0,,,
Bergen / Fair Lawn / 07450,,319900.0,,,278000.0,,,,,460500.0,,713200.0,1062000.0,,,,
Bergen / Fair Lawn / 07601,,,,,,,,,,,967100.0,564600.0,984900.0,,,,
Bergen / Fair Lawn / 07631,355600.0,342800.0,,,,,,,,,523500.0,495700.0,,,,520700.0,
Bergen / Fair Lawn / 07652,262500.0,,302600.0,,,,,,1269900.0,,648200.0,1144600.0,,,,622400.0,
Bergen / Fair Lawn / 07666,338400.0,478700.0,414300.0,,,,,,,373400.0,,875800.0,,,,,
Bergen / Fort Lee / 07024,158100.0,390900.0,,,,,,,,,,388500.0,1398100.0,,,,
Bergen / Fort Lee / 07410,,,681100.0,,,,,,,318200.0,964900.0,,823200.0,845400.0,,,
Bergen / Fort Lee / 07450,,,,,,,,,,,686700.0,800400.0,647600.0,817800.0,,610900.0,
Bergen / Fort Lee / 07601,428900.0,480000.0,,,,,,,1540300.0,,728200.0,631800.0,,1161400.0,,,
Bergen / Fort Lee / 07631,,,,,,,,,,,658700.0,,991800.0,,,,
Bergen / Fort Lee / 07652,210000.0,315400.0,,,,,,,,,,1054000.0,,,,,758000.0
Bergen / Fort Lee / 07666,387400.0,,,,916600.0,,845700.0,1193800.0,,,818200.0,491600.0,,688800.0,,,
Bergen / Hackensack / 07024,,414500.0,,,984700.0,,,,1636100.0,608000.0,,898300.0,,,,577300.0,
Bergen / Hackensack / 07410,,252800.0,,,,,,,,,539700.0,,,,,1065200.0,
Bergen / Hackensack / 07450,309400.0,,,,736600.0,,,,1312600.0,,,997800.0,582400.0,,643600.0,,
Bergen / Hackensack / 07601,,392300.0,,,,,,,906300.0,,,522100.0,1466500.0,,,,
Bergen / Hackensack / 07631,251200.0,464000.0,,,,,,1133900.0,,625800.0,541800.0,689700.0,982200.0,,1048300.0,,
Bergen / Hackensack / 07652,,304000.0,,,,,,,,,,,,1427200.0,,733400.0,
Bergen / Hackensack / 07666,,473400.0,,,,,,,,,,681400.0,1166000.0,,613200.0,,
Bergen / Paramus / 07024,318100.0,,,,,,,,,,1412500.0,728100.0,959100.0,721500.0,,,
Bergen / Paramus / 07410,,,530700.0,,,,,,737400.0,,478800.0,433000.0,757800.0,,,,
Bergen / Paramus / 07450,,442600.0,,,,,,,,,632400.0,1128000.0,,,,,
Bergen / Paramus / 07601,,296400.0,,616100.0,,,,,,,1016700.0,,1106300.0,,,,
Bergen / Paramus / 07631,,,,,,,,,,,771500.0,,,1023600.0,,,
Bergen / Paramus / 07652,653600.0,,500000.0,,,,1528000.0,,,,,832700.0,586000.0,,,,
Bergen / Paramus / 07666,398100.0,,,,,,,,,,,817800.0,,,,,
Bergen / Ridgewood / 07024,,,,,,,,,1707000.0,,872400.0,987800.0,956700.0,,,,
Bergen / Ridgewood / 07410,,279300.0,,,,,,,1161900.0,,465800.0,,,1267300.0,,,
Bergen / Ridgewood / 07450,,255900.0,402700.0,,,,,1246000.0,1621200.0,,461500.0,,676700.0,,499800.0,591800.0,
Bergen / Ridgewood / 07601,434300.0,,,,,,,,1092100.0,,,832800.0,,,,1022300.0,
Bergen / Ridgewood / 07631,,447600.0,,,,,,,,,,817100.0,,,,,
Bergen / Ridgewood / 07652,,,,,,,,,900800.0,,670500.0,,,545100.0,,,
Bergen / Ridgewood / 07666,455600.0,,,,,,,,1189800.0,,914400.0,1289700.0,,,,,
Bergen / Teaneck / 07024,,,,,,,,1585600.0,1173500.0,,907600.0,785500.0,,,,715300.0,
Bergen / Teaneck / 07410,483500.0,402500.0,,,397900.0,415100.0,,,,,,,,,652600.0,,
Bergen / Teaneck / 07450,,,,,,,,,,,764200.0,613100.0,,513900.0,,,
Bergen / Teaneck / 07601,469500.0,,,,174400.0,,,,,,,,948000.0,1497000.0,,,
Bergen / Teaneck / 07631,269500.0,444200.0,,423000.0,,,,,1567600.0,,520400.0,725200.0,1105400.0,,528900.0,,
Bergen / Teaneck / 07652,,,,,517300.0,,,,2180500.0,,768300.0,304500.0,,,,,
Bergen / Teaneck / 07666,422400.0,397900.0,,,,,,1050100.0,,,629800.0,865200.0,,,,,
Burlington / Burlington / 08016,257100.0,191800.0,,,,,,419300.0,857100.0,,208700.0,441600.0,,,,275300.0,
Burlington / Burlington / 08046,156100.0,,,,296800.0,,,,393800.0,186200.0,379100.0,450900.0,,,,,
Burlington / Burlington / 08053,,123000.0,,,329000.0,,,,,,325400.0,301500.0,,300700.0,278300.0,,
Burlington / Burlington / 08054,157900.0,171700.0,,,,,,,,,184400.0,399800.0,,,,,
Burlington / Burlington / 08057,230700.0,,,,,,,,676000.0,310400.0,371500.0,448400.0,322400.0,349800.0,318800.0,9841100.0,
Burlington / Evesham / 08016,171900.0,,,,,,,,846400.0,335200.0,271900.0,383800.0,367700.0,,,,
Burlington / Evesham / 08046,149700.0,172100.0,,,,384100.0,,,,370200.0,,360700.0,446900.0,,306200.0,,
Burlington / Evesham / 08053,123600.0,227500.0,,,264100.0,,,,,,132800.0,460200.0,,,196600.0,271000.0,
Burlington / Evesham / 08054,,,,,,,,,796200.0,,329600.0,338500.0,365100.0,,297600.0,,
Burlington / Evesham / 08057,189700.0,,,,301000.0,,481300.0,,433600.0,506100.0,462000.0,329100.0,302200.0,537500.0,,,
Burlington / Moorestown / 08016,110600.0,163100.0,,,,,,,595600.0,,380800.0,618900.0,326000.0,,,,
Burlington / Moorestown / 08046,,150600.0,,,,,,,,,,275100.0,445800.0,,,,300600.0
Burlington / Moorestown / 08053,152000.0,176200.0,,,499200.0,,,,,,363800.0,334000.0,434400.0,,234800.0,,
Burlington / Moorestown / 08054,,,,,578900.0,,,,,,540200.0,295800.0,348600.0,,393800.0,,
Burlington / Moorestown / 08057,126100.0,,,,,,,,458600.0,314400.0,446500.0,374600.0,301400.0,,284200.0,,
Burlington / Mount Laurel / 08016,,233500.0,307200.0,,272100.0,,,484100.0,,,424800.0,326300.0,,,,,
Burlington / Mount Laurel / 08046,101800.0,138300.0,,,,,,,,,312300.0,456200.0,190100.0,,,349400.0,
Burlington / Mount Laurel / 08053,,,,,,,,,,214700.0,294300.0,,223000.0,,,,
Burlington / Mount Laurel / 08054,243500.0,,202500.0,,,,,,,253000.0,,403800.0,250400.0,572700.0,324800.0,,
Burlington / Mount Laurel / 08057,,,175900.0,,,,,,,,344900.0,559600.0,439500.0,456800.0,,,
Burlington / Willingboro / 08016,,,234700.0,,,,,716200.0,390200.0,,344900.0,373600.0,354800.0,,741000.0,,
Burlington / Willingboro / 08046,151600.0,,,,,,,,506500.0,,,499800.0,313000.0,431600.0,,,
Burlington / Willingboro / 08053,203000.0,185600.0,,,50000.0,,,,,,,398600.0,285400.0,,512700.0,,
Burlington / Willingboro / 08054,166900.0,229700.0,155400.0,,,,,,557300.0,,208800.0,409300.0,629600.0,,431700.0,,
Burlington / Willingboro / 08057,,189200.0,,,,,,770000.0,,332600.0,443400.0,520400.0,344800.0,,,,
Camden / Camden / 08003,,174100.0,,,,,,,526400.0,,227500.0,287100.0,,340600.0,,,
Camden / Camden / 08012,106200.0,,,,,,435200.0,,419700.0,,268700.0,168900.0,147500.0,,165200.0,,
Camden / Camden / 08043,142400.0,166300.0,,,,,,,,,136700.0,331900.0,273600.0,381700.0,292700.0,,
Camden / Camden / 08105,112000.0,129800.0,,,,,,,613800.0,,299000.0,295000.0,272400.0,,,170800.0,
Camden / Camden / 08109,,164200.0,,,,,,,,302600.0,279300.0,318100.0,312200.0,,,279200.0,
Camden / Cherry Hill / 08003,141800.0,116200.0,,,180900.0,499000.0,,,,,266800.0,207500.0,,354400.0,,,
Camden / Cherry Hill / 08012,,142500.0,,,,,,348400.0,,,263500.0,444400.0,288700.0,,,346400.0,
Camden / Cherry Hill / 08043,124000.0,,110900.0,,,,,,,,283400.0,458200.0,361300.0,598300.0,,,
Camden / Cherry Hill / 08105,,,,,411500.0,,,,,,328100.0,339200.0,198500.0,,211200.0,,
Camden / Cherry Hill / 08109,129600.0,,,,,,,,609600.0,,254800.0,300300.0,409200.0,288400.0,,,
Camden / Gloucester Township / 08003,,104400.0,,,763000.0,245200.0,,,693100.0,,268100.0,238600.0,204600.0,,,,
Camden / Gloucester Township / 08012,201800.0,125200.0,,,,,,,,406800.0,286100.0,305000.0,156300.0,,225600.0,,
Camden / Gloucester Township / 08043,131300.0,119600.0,,,514100.0,,,397100.0,374900.0,,174900.0,270300.0,310400.0,213900.0,,,
Camden / Gloucester Township / 08105,91900.0,104700.0,289700.0,,,,,,636900.0,,,240900.0,217600.0,,140400.0,,
Camden / Gloucester Township / 08109,,,,,,,573200.0,519300.0,367200.0,,311100.0,236600.0,317300.0,,168100.0,356100.0,
Camden / Pennsauken / 08003,,,294400.0,,127500.0,,,,488100.0,182500.0,313100.0,222000.0,127000.0,,,,
Camden / Pennsauken / 08012,,231000.0,,,50000.0,,,,677000.0,292500.0,211700.0,253400.0,,,184400.0,,
Camden / Pennsauken / 08043,136800.0,,,,,,,362000.0,,,265000.0,310100.0,,,233800.0,244100.0,
Camden / Pennsauken / 08105,110200.0,92800.0,,,136500.0,,,,,352700.0,428200.0,361800.0,236000.0,,186800.0,,
Camden / Pennsauken / 08109,,109400.0,218600.0,,,,,,,,432600.0,289800.0,215400.0,,,,
Camden / Voorhees / 08003,111900.0,233600.0,,,182200.0,,505000.0,,,352000.0,,236500.0,327000.0,,,,
Camden / Voorhees / 08012,,111600.0,,,330400.0,,,,,,211900.0,292800.0,264000.0,,256400.0,,
Camden / Voorhees / 08043,,138400.0,216900.0,,,,,,,,,265000.0,214700.0,,,223500.0,
Camden / Voorhees / 08105,152800.0,89300.0,,,,,,485200.0,,182900.0,233300.0,245500.0,,426500.0,215300.0,,
Camden / Voorhees / 08109,,224900.0,,,,,,,319800.0,,,155000.0,,494400.0,,,
Cape May / Avalon / 08202,,393600.0,429600.0,,,,,,,,513800.0,573500.0,,667400.0,533300.0,517600.0,
Cape May / Avalon / 08204,,303400.0,,,,,,,785000.0,,825500.0,402200.0,,,,,
Cape May / Avalon / 08226,,338700.0,,,731300.0,,,,1559700.0,609400.0,437400.0,779900.0,,,,,
Cape May / Avalon / 08247,,,,,924300.0,,,,,625900.0,1078800.0,664000.0,466100.0,,419400.0,402000.0,
Cape May / Avalon / 08260,,,,,,,,,,393600.0,,550900.0,608100.0,,393300.0,,684200.0
Cape May / Cape May / 08202,345800.0,,,,,,,790500.0,,,684300.0,,,935500.0,627800.0,,853600.0
Cape May / Cape May / 08204,343600.0,,588800.0,,,,,,,,585000.0,663300.0,1018100.0,,,,
Cape May / Cape May / 08226,350900.0,,,,314300.0,,,,,,817700.0,506000.0,,787900.0,405500.0,,
Cape May / Cape May / 08247,308100.0,,,,,,,,,243500.0,581000.0,597000.0,645100.0,,500300.0,,451300.0
Cape May / Cape May / 08260,,241700.0,,,,,,,,,,923400.0,388200.0,,441400.0,,692100.0
Cape May / Ocean City / 08202,288400.0,,,,445300.0,,,,,,811600.0,1050700.0,661300.0,,698800.0,570500.0,
Cape May / Ocean City / 08204,,,,,,,,,,,655400.0,726000.0,640200.0,,,,
Cape May / Ocean City / 08226,,,,,654800.0,,,,1022600.0,408000.0,749900.0,580600.0,,,393100.0,,
Cape May / Ocean City / 08247,257500.0,,,,,,,,,805900.0,445400.0,518800.0,668600.0,,506700.0,661000.0,
Cape May / Ocean City / 08260,367200.0,381200.0,,,,,,,,853100.0,852400.0,770600.0,611600.0,,,483000.0,
Cape May / Stone Harbor / 08202,286200.0,,,,,,,766900.0,,,537400.0,728300.0,672500.0,1009400.0,686900.0,650800.0,
Cape May / Stone Harbor / 08204,332500.0,246300.0,,,,662600.0,,,1423300.0,,510200.0,523600.0,904400.0,666900.0,,,
Cape May / Stone Harbor / 08226,,393000.0,291400.0,,,,,,,,782000.0,614200.0,380200.0,,,,
Cape May / Stone Harbor / 08247,293200.0,530000.0,,,,,,,1096800.0,626800.0,712200.0,1168900.0,,,768700.0,,
Cape May / Stone Harbor / 08260,347600.0,,,,,,,,,,,720200.0,328400.0,,373100.0,599200.0,
Cape May / Wildwood / 08202,,253900.0,507800.0,,,,,,,,,304800.0,,,,,
Cape May / Wildwood / 08204,325400.0,279500.0,,,,,,,1272300.0,,465200.0,551600.0,,,,471800.0,751400.0
Cape May / Wildwood / 08226,,319400.0,,,,,,,1483700.0,,,817200.0,1117100.0,551500.0,479100.0,,
Cape May / Wildwood / 08247,346800.0,268100.0,481400.0,,,,,,,757300.0,530900.0,545500.0,429600.0,,,,
Cape May / Wildwood / 08260,214600.0,164600.0,,,,,,,,,856000.0,743800.0,566100.0,,605000.0,587800.0,
Cumberland / Bridgeton / 08302,59000.0,148900.0,,,,,366500.0,,,259800.0,223600.0,220900.0,196800.0,323500.0,316100.0,247000.0,253300.0
Cumberland / Bridgeton / 08332,84800.0,96400.0,,,63400.0,,,319600.0,,181400.0,220400.0,302100.0,246200.0,,258500.0,,212000.0
Cumberland / Bridgeton / 08360,131000.0,154000.0,,120800.0,186400.0,,390400.0,502600.0,379400.0,143600.0,208600.0,201400.0,158200.0,252400.0,,,
Cumberland / Millville / 08302,232000.0,155000.0,130000.0,,135400.0,,,,,196100.0,217400.0,284300.0,285900.0,,131600.0,,
Cumberland / Millville / 08332,89800.0,,142800.0,,140800.0,,,260900.0,,320600.0,190500.0,186900.0,158900.0,96400.0,204700.0,,
Cumberland / Millville / 08360,115000.0,,,,,,,322500.0,,249900.0,239200.0,255500.0,183700.0,,102400.0,189500.0,136000.0
Cumberland / Vineland / 08302,111600.0,140600.0,,,260500.0,595500.0,,,469000.0,260200.0,258800.0,276600.0,217800.0,222700.0,225400.0,329900.0,273700.0
Cumberland / Vineland / 08332,98700.0,108100.0,163300.0,,,,,,442700.0,,156700.0,265500.0,266300.0,296200.0,314900.0,141900.0,
Cumberland / Vineland / 08360,127400.0,97300.0,,,,,,520000.0,451100.0,232700.0,289200.0,275000.0,209200.0,239900.0,,181000.0,
Cumberland / Vineland City / 08302,111200.0,,,,,284600.0,,,415600.0,,241600.0,185400.0,,,193400.0,314200.0,381700.0
Cumberland / Vineland City / 08332,135100.0,152900.0,,,,320700.0,,,,119700.0,237600.0,211700.0,263300.0,,,,
Cumberland / Vineland City / 08360,121000.0,139200.0,,,,,,389100.0,388200.0,231500.0,196200.0,202100.0,336400.0,,265300.0,178300.0,
Essex / Bloomfield / 07003,,343800.0,,,,,,,,,604500.0,707300.0,525600.0,,514000.0,544400.0,
Essex / Bloomfield / 07017,122500.0,245200.0,,,,,,,1477300.0,,396500.0,417800.0,286600.0,,751800.0,,
Essex / Bloomfield / 07039,321200.0,435900.0,,,,,,,,,,491900.0,451400.0,796600.0,,,
Essex / Bloomfield / 07042,354200.0,420900.0,474500.0,,,,,,,,424800.0,,,,,,
Essex / Bloomfield / 07052,385500.0,266000.0,,,,,,,1174100.0,404600.0,616200.0,,,,,,349900.0
Essex / Bloomfield / 07102,449700.0,,,,,,1034700.0,,,,526300.0,438400.0,,464200.0,,,
Essex / East Orange / 07003,203600.0,,,,,,,,,407100.0,399200.0,686900.0,470300.0,,,,
Essex / East Orange / 07017,237000.0,,,,153400.0,,,,,,,953300.0,461500.0,,468800.0,,
Essex / East Orange / 07039,174100.0,,,,,,,,,,,351700.0,,,,512300.0,565500.0
Essex / East Orange / 07042,333500.0,376800.0,,,,,,,879200.0,,485300.0,604200.0,,,,439600.0,
Essex / East Orange / 07052,530400.0,205400.0,,,,,,,,398000.0,,814200.0,411600.0,1248300.0,493500.0,,
Essex / East Orange / 07102,,239700.0,,,853900.0,,,,,515800.0,514600.0,541800.0,981400.0,,605000.0,709400.0,
Essex / Livingston / 07003,,,,,,,,,,,654700.0,359000.0,562900.0,,,,
Essex / Livingston / 07017,365700.0,238500.0,,,,,,,,,,539800.0,,,,,
Essex / Livingston / 07039,291200.0,,418000.0,,436500.0,,,,,,328400.0,706300.0,610200.0,,316600.0,,
Essex / Livingston / 07042,,,,,,1049900.0,,,,371700.0,397700.0,948000.0,,,,,
Essex / Livingston / 07052,223600.0,339400.0,,,,,1832100.0,720000.0,1418100.0,,460900.0,995500.0,428300.0,,,,
Essex / Livingston / 07102,212700.0,154200.0,,,,,,766300.0,,522800.0,607500.0,677400.0,,,467400.0,374800.0,
Essex / Montclair / 07003,151400.0,,,,,,,,1036300.0,,750300.0,519300.0,768400.0,,,,
Essex / Montclair / 07017,387500.0,,,,,,,,,,,,855000.0,,,,
Essex / Montclair / 07039,,,,,,,,,,,,512600.0,489400.0,777700.0,,434900.0,
Essex / Montclair / 07042,372400.0,265100.0,204800.0,,,,,641000.0,,711000.0,469000.0,532300.0,503800.0,,635200.0,,
Essex / Montclair / 07052,230800.0,,,,517000.0,,,,,569500.0,578500.0,624700.0,474200.0,,,,
Essex / Montclair / 07102,282500.0,,,,,,,1033600.0,841100.0,,590400.0,709900.0,647800.0,669500.0,,,
Essex / Newark / 07003,,,,,,,,,,,,574600.0,608500.0,,,662200.0,
Essex / Newark / 07017,363000.0,527600.0,,,,,,,925600.0,502300.0,,459200.0,843700.0,,,,
Essex / Newark / 07039,,,,,,,,,,,,607500.0,529700.0,,,,
Essex / Newark / 07042,,,,,,,,,,,529800.0,533100.0,669600.0,684300.0,,403200.0,
Essex / Newark / 07052,,331400.0,,,,,,825700.0,1193300.0,,633000.0,,599200.0,992000.0,,,
Essex / Newark / 07102,293200.0,337000.0,242900.0,,,,,,1192000.0,,659400.0,,430900.0,480200.0,,495100.0,
Essex / West Orange / 07003,307100.0,,,,552500.0,,1123000.0,,853800.0,430900.0,412000.0,663600.0,,,363100.0,,
Essex / West Orange / 07017,,,,,,,,,809400.0,,665000.0,438700.0,900700.0,,,,424700.0
Essex / West Orange / 07039,248900.0,351000.0,380700.0,,,,,,,,579700.0,388600.0,,,,600800.0,
Essex / West Orange / 07042,,142900.0,,,,,,,,,392000.0,500100.0,640600.0,,442900.0,584100.0,
Essex / West Orange / 07052,261300.0,300700.0,,,,,,,,,754700.0,581000.0,,,535200.0,,
Essex / West Orange / 07102,109900.0,,,,,,,,,,746600.0,563500.0,629800.0,,744800.0,603200.0,
Gloucester / Deptford / 08028,139000.0,253500.0,191800.0,,,,,571900.0,,,445400.0,506200.0,391400.0,,457800.0,,
Gloucester / Deptford / 08080,,,,,,441600.0,,,636800.0,,268600.0,246900.0,161900.0,321800.0,,,184000.0
Gloucester / Deptford / 08086,74600.0,169700.0,,,,664200.0,,,,248500.0,325200.0,349500.0,429600.0,317600.0,,,225200.0
Gloucester / Deptford / 08094,108400.0,198900.0,,,,,,517900.0,,153700.0,317000.0,,,526100.0,287000.0,,
Gloucester / Deptford / 08096,120800.0,,,,311700.0,,,,490800.0,,,402700.0,325200.0,,309000.0,,
Gloucester / Glassboro / 08028,175800.0,259400.0,,,,,,,573400.0,362800.0,291300.0,180700.0,,,,433800.0,
Gloucester / Glassboro / 08080,,179500.0,,,,,,,,,142300.0,398300.0,336400.0,564300.0,,250200.0,
Gloucester / Glassboro / 08086,158200.0,233600.0,,,,,,,,265900.0,,284200.0,247300.0,331300.0,,,262600.0
Gloucester / Glassboro / 08094,,249800.0,,,,,,,,,351800.0,176400.0,338000.0,268700.0,,,
Gloucester / Glassboro / 08096,199900.0,,,,265000.0,,,,,,,351000.0,561800.0,189500.0,,340600.0,
Gloucester / Monroe / 08028,205500.0,,,,,,,,404100.0,,348200.0,378000.0,314300.0,,,404900.0,
Gloucester / Monroe / 08080,69900.0,127700.0,,,418800.0,,607500.0,,,,411300.0,265600.0,328000.0,,228200.0,,
Gloucester / Monroe / 08086,125400.0,,,,,,,,,,394500.0,425200.0,290000.0,456500.0,,,238600.0
Gloucester / Monroe / 08094,,190100.0,185600.0,,,,,,,,303000.0,370700.0,,,308200.0,203200.0,
Gloucester / Monroe / 08096,,,,,,,,,,264800.0,298000.0,402100.0,368600.0,,,,
Gloucester / Washington Township / 08028,131000.0,158400.0,,,,,,238100.0,,,292400.0,329400.0,526900.0,,,,
Gloucester / Washington Township / 08080,143900.0,186000.0,,,,,546000.0,,521000.0,,297000.0,229600.0,254000.0,175500.0,192900.0,699200.0,201500.0
Gloucester / Washington Township / 08086,128800.0,167500.0,,,,,,,,180500.0,315800.0,430800.0,523400.0,331900.0,,,341700.0
Gloucester / Washington Township / 08094,,,,,120500.0,606700.0,,,,257800.0,310100.0,202300.0,,,133900.0,285800.0,
Gloucester / Washington Township / 08096,111900.0,,,,141600.0,,,,,,236200.0,402100.0,330300.0,,,,
Gloucester / West Deptford / 08028,145500.0,,,,,597600.0,,,,382200.0,387700.0,275600.0,354800.0,280400.0,,,
Gloucester / West Deptford / 08080,,,,,,,,472400.0,,243700.0,349600.0,471000.0,259800.0,367500.0,261700.0,,
Gloucester / West Deptford / 08086,165200.0,155600.0,176700.0,,,,,251300.0,1007500.0,348500.0,252800.0,404100.0,374900.0,,,372500.0,
Gloucester / West Deptford / 08094,137200.0,93800.0,,,210800.0,,407800.0,,,707200.0,260000.0,218000.0,406400.0,,,440100.0,
Gloucester / West Deptford / 08096,146000.0,,,,276500.0,,,,,,297100.0,,224200.0,435800.0,239100.0,199300.0,
Hudson / Bayonne / 07002,338100.0,366500.0,,,879700.0,,,,,873500.0,481900.0,1027000.0,,,,849800.0,
Hudson / Bayonne / 07030,,,,,,,,,735500.0,,844200.0,741700.0,532500.0,,,,
Hudson / Bayonne / 07047,,,,,,,1497600.0,,,888100.0,506100.0,792100.0,,,,,
Hudson / Bayonne / 07087,308400.0,,,,,,,,,,610200.0,610000.0,,,,796100.0,
Hudson / Bayonne / 07093,,193500.0,,,,742400.0,,,,,388200.0,856500.0,,936400.0,,,
Hudson / Bayonne / 07302,408600.0,377400.0,,,,,,,,,,839800.0,,,482700.0,,
Hudson / Hoboken / 07002,,319800.0,,,,,,,1715600.0,,860600.0,804000.0,960600.0,,,,
Hudson / Hoboken / 07030,354100.0,,,,,,1559900.0,535800.0,,,742200.0,840400.0,,,,698800.0,
Hudson / Hoboken / 07047,,337800.0,,,,,,,,511400.0,,732800.0,509200.0,450400.0,924100.0,674600.0,
Hudson / Hoboken / 07087,395600.0,,,,,,,,,383900.0,,724200.0,898600.0,1323900.0,,555600.0,
Hudson / Hoboken / 07093,,365700.0,,,141000.0,,598700.0,,,697300.0,,974500.0,,,614200.0,,
Hudson / Hoboken / 07302,,,,,709100.0,,,,,302300.0,,611800.0,948000.0,,575200.0,,
Hudson / Jersey City / 07002,281900.0,,,,,,,1365800.0,,419100.0,914700.0,667100.0,,492500.0,364100.0,674300.0,
Hudson / Jersey City / 07030,196800.0,,,,,,,573200.0,,,907000.0,462400.0,,,580600.0,,
Hudson / Jersey City / 07047,,403400.0,,,,,,,1205800.0,,,784200.0,1067900.0,,,515200.0,
Hudson / Jersey City / 07087,324800.0,535200.0,,,,,,,,,,629800.0,1111600.0,,,,
Hudson / Jersey City / 07093,,,,,,,443300.0,,,597400.0,780000.0,780200.0,,,,,
Hudson / Jersey City / 07302,,496000.0,,,,,,,,746500.0,623500.0,642000.0,666100.0,,,,
Hudson / North Bergen / 07002,277000.0,,204000.0,,,,,,,,,,476500.0,1071800.0,,739500.0,
Hudson / North Bergen / 07030,,185300.0,,,,,,1551000.0,1194400.0,571500.0,,,,,,555300.0,
Hudson / North Bergen / 07047,,,,,655400.0,,707300.0,,,,595900.0,915300.0,825300.0,,,696600.0,
Hudson / North Bergen / 07087,447500.0,642000.0,,,,,,983700.0,,241500.0,656400.0,625900.0,608200.0,,,,
Hudson / North Bergen / 07093,,320400.0,,,,,,,,631200.0,978400.0,,,,515900.0,564700.0,
Hudson / North Bergen / 07302,,228400.0,,,,,,,,575100.0,,748600.0,615400.0,,,447900.0,
Hudson / Union City / 07002,,,,,633400.0,,,,,,,976600.0,,,,,
Hudson / Union City / 07030,,348800.0,,,605100.0,,,,,,521200.0,635200.0,870600.0,,,,
Hudson / Union City / 07047,,485800.0,,,,,,,,,910000.0,968400.0,503000.0,,818300.0,,
Hudson / Union City / 07087,310900.0,,,,,,,,,,540200.0,687400.0,,527000.0,,,
Hudson / Union City / 07093,,,,,742600.0,,,622800.0,1992600.0,605100.0,562500.0,690500.0,707500.0,,,,
Hudson / Union City / 07302,,379800.0,,,,,,,,523000.0,801000.0,604900.0,,744300.0,,470200.0,
Hudson / West New York / 07002,,280800.0,,,,,,,,,727100.0,818000.0,517800.0,,,,
Hudson / West New York / 07030,,708900.0,,,,853000.0,,721800.0,,,1080000.0,779500.0,531400.0,,,,
Hudson / West New York / 07047,345900.0,,,,,,746700.0,,,,,609400.0,1233800.0,,810100.0,882900.0,
Hudson / West New York / 07087,,384000.0,,,,,,640400.0,,,535000.0,508200.0,954600.0,,,870100.0,
Hudson / West New York / 07093,407900.0,,,,,,,,,894300.0,514100.0,785200.0,222600.0,,487800.0,469800.0,
Hudson / West New York / 07302,,,,,,,,,,982500.0,277100.0,1039800.0,861400.0,903200.0,,566200.0,
Hunterdon / Clinton / 07830,,295300.0,292700.0,,,1109000.0,,,985700.0,,,,941500.0,,605300.0,317100.0,
Hunterdon / Clinton / 08530,,351600.0,,,,,,,,463500.0,209600.0,581200.0,404400.0,,,,
Hunterdon / Clinton / 08809,198600.0,,,,,,938000.0,,,,628000.0,185800.0,344200.0,,,654500.0,
Hunterdon / Clinton / 08822,436000.0,,,,,,,689200.0,,434800.0,580000.0,535100.0,363500.0,,,,
Hunterdon / Clinton / 08889,262200.0,364200.0,,,155700.0,,787100.0,,,,404700.0,513800.0,,512100.0,519300.0,388800.0,
Hunterdon / Flemington / 07830,259400.0,130500.0,,,,922800.0,,,,,,539100.0,669100.0,222600.0,,503300.0,
Hunterdon / Flemington / 08530,276800.0,240500.0,,,319100.0,,,,,,,547400.0,782200.0,,398600.0,,
Hunterdon / Flemington / 08809,460800.0,,324700.0,,,,,,,,,918600.0,346300.0,733200.0,,,
Hunterdon / Flemington / 08822,225700.0,,,,383900.0,,,,,366100.0,,556000.0,,413200.0,,670800.0,
Hunterdon / Flemington / 08889,251600.0,,,,,,,,1335300.0,811400.0,364400.0,544400.0,,1041900.0,,,
Hunterdon / Lambertville / 07830,,316500.0,,,,,,566300.0,,,,562600.0,,,,442800.0,
Hunterdon / Lambertville / 08530,354200.0,311300.0,,,739100.0,,,,1049200.0,579900.0,510700.0,474000.0,,,,417900.0,
Hunterdon / Lambertville / 08809,,,,,746200.0,,,478500.0,,,916400.0,499000.0,,678800.0,,,
Hunterdon / Lambertville / 08822,,,,,,,,,,,599200.0,581000.0,670600.0,,,,
Hunterdon / Lambertville / 08889,442800.0,352200.0,,,,,,,1229600.0,,425700.0,622400.0,1299600.0,,,485200.0,
Hunterdon / Readington / 07830,223600.0,303700.0,,,,,,,,,782400.0,385000.0,367200.0,,,501800.0,
Hunterdon / Readington / 08530,,,293100.0,,,,,,,,580000.0,,377700.0,,465300.0,750000.0,
Hunterdon / Readington / 08809,177400.0,261300.0,,,211100.0,,,,541300.0,,512400.0,521800.0,949000.0,,,686000.0,
Hunterdon / Readington / 08822,,294200.0,,,,,,,,680700.0,,606800.0,750900.0,,,696900.0,
Hunterdon / Readington / 08889,279600.0,389700.0,,,265200.0,,,,1151900.0,596200.0,517900.0,667100.0,627600.0,,384900.0,554300.0,653800.0
Hunterdon / Tewksbury / 07830,,,,,,,,978900.0,,551400.0,596500.0,712600.0,,524200.0,521000.0,,
Hunterdon / Tewksbury / 08530,243700.0,399400.0,335300.0,,,,,,,404200.0,572500.0,557900.0,435300.0,869900.0,587500.0,,
Hunterdon / Tewksbury / 08809,267400.0,385500.0,,,,,,,,646700.0,755700.0,704800.0,695900.0,,,555800.0,
Hunterdon / Tewksbury / 08822,,,,,,,622700.0,,,173600.0,,610000.0,772800.0,629600.0,,444000.0,
Hunterdon / Tewksbury / 08889,340000.0,,,,,,,,,,586600.0,383800.0,668600.0,,,,
Mercer / Ewing / 08540,363300.0,207100.0,,,,,,,,421800.0,411400.0,419000.0,271500.0,,,,
Mercer / Ewing / 08550,,164700.0,,,,,,,737700.0,,282400.0,407900.0,580000.0,,,,
Mercer / Ewing / 08618,197500.0,273800.0,,,257200.0,,886900.0,,,,336400.0,561400.0,,,,,
Mercer / Ewing / 08619,267100.0,,,,,852300.0,,,,281300.0,206900.0,,596400.0,593500.0,,351100.0,
Mercer / Ewing / 08628,,439200.0,219800.0,,,,,596000.0,586500.0,,471100.0,313800.0,418200.0,,,,
Mercer / Ewing / 08648,,202800.0,,,,,,,,342000.0,297900.0,399200.0,414300.0,,,467000.0,
Mercer / Hamilton / 08540,,339200.0,134600.0,,,,,,,,356600.0,355100.0,,,348600.0,,
Mercer / Hamilton / 08550,,230900.0,,,,,676900.0,720900.0,,,386900.0,338200.0,817600.0,,461500.0,340600.0,
Mercer / Hamilton / 08618,,,,,,,,,777000.0,,,417700.0,,,347600.0,,
Mercer / Hamilton / 08619,194400.0,122300.0,,,,,,,845500.0,202800.0,,466000.0,483900.0,,483300.0,,
Mercer / Hamilton / 08628,147300.0,,,,,,666400.0,,,,376000.0,,485300.0,,,,
Mercer / Hamilton / 08648,,,,,,,,,,,360600.0,402400.0,,,,,
Mercer / Lawrence / 08540,,,,,,,,,,,481200.0,372800.0,,,,,
Mercer / Lawrence / 08550,,,,,,,,,,,299500.0,521900.0,442400.0,,,,
Mercer / Lawrence / 08618,,220200.0,,,334400.0,,,950900.0,,300400.0,366200.0,314900.0,505800.0,,375400.0,,
Mercer / Lawrence / 08619,316900.0,,,,,,,,,423900.0,,666800.0,,,,473800.0,
Mercer / Lawrence / 08628,162600.0,,,,,,,,,290400.0,368100.0,457500.0,578000.0,,370300.0,,
Mercer / Lawrence / 08648,,97400.0,,,232400.0,,,,669200.0,,323600.0,553300.0,,,,337000.0,
Mercer / Princeton / 08540,269800.0,,,,191400.0,,,,774600.0,,501500.0,409000.0,621100.0,,287300.0,,
Mercer / Princeton / 08550,,,,274000.0,,,,,,,501800.0,,,,553300.0,,401300.0
Mercer / Princeton / 08618,,,,,,,1234300.0,,,171800.0,506200.0,374800.0,453500.0,,,,348400.0
Mercer / Princeton / 08619,176100.0,258800.0,,,,,,,,,371200.0,,,,,332100.0,
Mercer / Princeton / 08628,,,,,,500700.0,,,,,485700.0,531200.0,,443000.0,315800.0,,
Mercer / Princeton / 08648,428300.0,217800.0,,,317000.0,,,,702500.0,,,353200.0,626400.0,,366000.0,,
Mercer / Trenton / 08540,204700.0,248800.0,,,440500.0,,,571600.0,,,638600.0,541000.0,568200.0,,384500.0,,
Mercer / Trenton / 08550,194800.0,,,,,,,,,,378600.0,376700.0,362400.0,,,394000.0,
Mercer / Trenton / 08618,,,,,271700.0,,,,,,439600.0,219800.0,262700.0,,,,
Mercer / Trenton / 08619,,332500.0,,,,,,,880600.0,,301200.0,665400.0,,,,,
Mercer / Trenton / 08628,201100.0,324500.0,,,370500.0,,,,,,366900.0,388700.0,542700.0,541600.0,356300.0,,
Mercer / Trenton / 08648,,,,,,,,,,,371700.0,225100.0,383200.0,,462700.0,,
Mercer / West Windsor / 08540,112900.0,,,,,,,,553400.0,458600.0,,832200.0,400100.0,,,,
Mercer / West Windsor / 08550,208600.0,227000.0,259100.0,,,,,,,,236400.0,489700.0,,1184700.0,486200.0,,
Mercer / West Windsor / 08618,,221400.0,,,,,,,,429300.0,345200.0,286200.0,398900.0,475600.0,,,
Mercer / West Windsor / 08619,213600.0,,,,,,,,,,665100.0,381900.0,553100.0,,,,
Mercer / West Windsor / 08628,183300.0,265000.0,,,322700.0,,,,,,,465800.0,684400.0,,,,
Mercer / West Windsor / 08648,234600.0,,,,,,,,,,530700.0,542800.0,387200.0,474400.0,325800.0,,284300.0
Middlesex / East Brunswick / 07095,,,,,,,,,760400.0,,332400.0,518900.0,,,,423900.0,
Middlesex / East Brunswick / 08816,,269800.0,,,,,,562500.0,,,468800.0,635100.0,590200.0,,,,
Middlesex / East Brunswick / 08820,,,,,,840300.0,,,,299700.0,,533700.0,389400.0,,,469800.0,
Middlesex / East Brunswick / 08854,,,,,,,,,534800.0,,,,,,,,
Middlesex / East Brunswick / 08857,246500.0,300100.0,,,258600.0,,,,1098300.0,,529700.0,345800.0,,,,,
Middlesex / East Brunswick / 08901,226800.0,178200.0,,,,,,,985000.0,407800.0,,665600.0,437700.0,,,,
Middlesex / Edison / 07095,,217000.0,,,368200.0,,,,,,,,,,359400.0,,
Middlesex / Edison / 08816,106400.0,,182000.0,,,,534900.0,,,,345400.0,434800.0,437900.0,,,,
Middlesex / Edison / 08820,234400.0,228600.0,,,,,,,,465000.0,439700.0,,,,456700.0,,
Middlesex / Edison / 08854,158600.0,,,,344300.0,,,1026600.0,,397300.0,517200.0,622400.0,834000.0,,,,
Middlesex / Edison / 08857,193600.0,,,,,,,,,657600.0,617900.0,516400.0,391800.0,,,,
Middlesex / Edison / 08901,162300.0,274800.0,,,,,,,,,,682700.0,300100.0,,,,
Middlesex / New Brunswick / 07095,,,,,,,,615700.0,,,366300.0,518800.0,578600.0,569700.0,,,
Middlesex / New Brunswick / 08816,202000.0,221600.0,,,,,,,511900.0,251700.0,,,,,,,
Middlesex / New Brunswick / 08820,,332100.0,,,,495600.0,,,688600.0,,,,440600.0,,450700.0,,
Middlesex / New Brunswick / 08854,,188000.0,,,,,,,,317700.0,541200.0,389600.0,624200.0,485600.0,522800.0,,
Middlesex / New Brunswick / 08857,139600.0,345800.0,,,421200.0,,,,557100.0,464300.0,,410400.0,458000.0,,,,
Middlesex / New Brunswick / 08901,,211800.0,,,,,,,,,339600.0,646400.0,,,442200.0,387800.0,
Middlesex / Old Bridge / 07095,104000.0,,,,,,,,1075800.0,,361000.0,636300.0,664800.0,,288700.0,413000.0,
Middlesex / Old Bridge / 08816,,196300.0,,,343500.0,,,681700.0,,454400.0,,395700.0,348800.0,,,,
Middlesex / Old Bridge / 08820,248500.0,210200.0,336900.0,,,,,,1109100.0,,,437800.0,344200.0,588100.0,,456100.0,
Middlesex / Old Bridge / 08854,387800.0,384400.0,,,,,712800.0,,664400.0,,215400.0,429600.0,465400.0,,,,
Middlesex / Old Bridge / 08857,162200.0,,,266000.0,,,,,1073200.0,573400.0,652900.0,423800.0,,550700.0,,,
Middlesex / Old Bridge / 08901,283900.0,314100.0,,,,,,,,,376500.0,389700.0,,573500.0,,472600.0,
Middlesex / Piscataway / 07095,205200.0,251400.0,,,,,,,1263500.0,,391700.0,500400.0,496400.0,,,,
Middlesex / Piscataway / 08816,349800.0,188600.0,,,,,,,,640000.0,,500000.0,420000.0,,494900.0,,
Middlesex / Piscataway / 08820,315000.0,131100.0,,,,,,,,,570700.0,513600.0,,,,,
Middlesex / Piscataway / 08854,219300.0,,386600.0,,,,,1292800.0,,,484400.0,722200.0,416400.0,,,,
Middlesex / Piscataway / 08857,,213800.0,,,238500.0,,,487100.0,,496400.0,593400.0,,556100.0,,,,
Middlesex / Piscataway / 08901,,,,,206800.0,,,,,,538600.0,674700.0,,,404500.0,283400.0,
Middlesex / Woodbridge / 07095,,,,,,,,,,,402500.0,611600.0,,,,,
Middlesex / Woodbridge / 08816,,,,,79000.0,,,,,,553400.0,,486200.0,,497400.0,,
Middlesex / Woodbridge / 08820,198400.0,,,,,,,,1454800.0,,486400.0,692500.0,691000.0,,,277700.0,
Middlesex / Woodbridge / 08854,,,,,,,,,,,,307200.0,677200.0,,,,
Middlesex / Woodbridge / 08857,,310900.0,,,,339000.0,,,,,,554600.0,421800.0,432100.0,,,
Middlesex / Woodbridge / 08901,367500.0,,,,572600.0,,,,,563400.0,592600.0,,,,,,
Monmouth / Asbury Park / 07701,256000.0,274000.0,,,,,,,972700.0,,,779100.0,369800.0,,,,
Monmouth / Asbury Park / 07712,,,,,,,,,1629600.0,818700.0,,376200.0,,,,,
Monmouth / Asbury Park / 07726,355800.0,,,,,,,,,,518600.0,550400.0,,1533000.0,638300.0,412600.0,
Monmouth / Asbury Park / 07728,244100.0,253000.0,,,,,,,774000.0,616200.0,676000.0,765500.0,793800.0,,800100.0,541500.0,
Monmouth / Asbury Park / 07740,155900.0,,,,,,,,,874300.0,,585300.0,,,947800.0,515400.0,
Monmouth / Asbury Park / 07748,487000.0,318400.0,,,,,,,726400.0,,649700.0,576800.0,383400.0,,,,
Monmouth / Freehold / 07701,348000.0,,,,299400.0,,,,957100.0,330200.0,578000.0,479700.0,1130500.0,,500400.0,,
Monmouth / Freehold / 07712,,,,,526500.0,,,,,,561400.0,635700.0,818500.0,1031500.0,,,
Monmouth / Freehold / 07726,311800.0,264900.0,,,,,,843300.0,622300.0,544500.0,,697500.0,975900.0,,,618500.0,
Monmouth / Freehold / 07728,,360400.0,,,,,525100.0,593200.0,,,,618700.0,,748300.0,472200.0,593000.0,
Monmouth / Freehold / 07740,,,,,,,,,,,,661700.0,,,,,
Monmouth / Freehold / 07748,426100.0,435200.0,,,,,,701000.0,,,746500.0,628000.0,510200.0,,555000.0,,
Monmouth / Long Branch / 07701,,310700.0,,,691900.0,,1242800.0,,,476700.0,535700.0,555700.0,,,597200.0,507300.0,
Monmouth / Long Branch / 07712,235500.0,348900.0,,,488800.0,,,791700.0,,847800.0,,743600.0,699400.0,,423700.0,,
Monmouth / Long Branch / 07726,282200.0,,307200.0,,808400.0,,,,650200.0,,,637200.0,855400.0,,,,
Monmouth / Long Branch / 07728,394100.0,379500.0,,,,,,,,,657100.0,626900.0,791700.0,,,,
Monmouth / Long Branch / 07740,,448000.0,401000.0,,,,,,,541900.0,365400.0,644300.0,,,,555200.0,
Monmouth / Long Branch / 07748,,,,,256300.0,,,,,596800.0,628700.0,671700.0,,,,,
Monmouth / Manalapan / 07701,,,,,644100.0,,,,,,,861300.0,574500.0,,,,949800.0
Monmouth / Manalapan / 07712,354000.0,351200.0,,,570700.0,,,,,,,1393200.0,745200.0,,529600.0,,
Monmouth / Manalapan / 07726,,,429200.0,,,,,,,1003600.0,507000.0,637800.0,913000.0,,,,
Monmouth / Manalapan / 07728,,284700.0,,,399900.0,,,,,,,741600.0,622900.0,,444500.0,,
Monmouth / Manalapan / 07740,166300.0,,,,,,736000.0,,,,912200.0,886300.0,705500.0,,,,
Monmouth / Manalapan / 07748,,,,,,,,,1514400.0,291700.0,,,566700.0,,,,
Monmouth / Middletown / 07701,484400.0,,,,,,,,,,233900.0,622900.0,,,,,
Monmouth / Middletown / 07712,,,317800.0,,420400.0,,,,700600.0,,577300.0,518400.0,1220400.0,,529600.0,,
Monmouth / Middletown / 07726,,300100.0,,,,,,,865000.0,,492200.0,840400.0,,,541200.0,,
Monmouth / Middletown / 07728,,,,,,,,,1665100.0,,,582700.0,,,448800.0,,
Monmouth / Middletown / 07740,460000.0,,,,,,,,1469700.0,,390200.0,391800.0,638300.0,,631500.0,,
Monmouth / Middletown / 07748,428400.0,,,598900.0,,,,,,,673800.0,465900.0,,,306400.0,520000.0,
Monmouth / Red Bank / 07701,,235200.0,,,,,,,,,,665000.0,,1423500.0,,601000.0,
Monmouth / Red Bank / 07712,256500.0,,,,442300.0,,,712100.0,,,,1090700.0,,,,,
Monmouth / Red Bank / 07726,,,347700.0,,,,,,,,235400.0,937700.0,659900.0,,,,
Monmouth / Red Bank / 07728,,394600.0,,,,,997400.0,,,,,676000.0,650300.0,532000.0,,493900.0,
Monmouth / Red Bank / 07740,,291300.0,,,,,,1006400.0,,,783400.0,,576400.0,,,479400.0,
Monmouth / Red Bank / 07748,262400.0,408100.0,,,,,,,,,,733800.0,,,,,
Morris / Chatham / 07054,356100.0,,,,,586900.0,,,,,650100.0,,680900.0,,,,
Morris / Chatham / 07869,,,,,,,,,,,630400.0,628800.0,,,,878100.0,
Morris / Chatham / 07928,522200.0,386800.0,,,,,,,1250100.0,,851400.0,942600.0,,,,,
Morris / Chatham / 07940,,,,,394800.0,,,,,,634600.0,909000.0,,,652800.0,,
Morris / Chatham / 07945,197700.0,332000.0,,,,,,,,,948500.0,375000.0,,659800.0,822000.0,,
Morris / Chatham / 07960,,332200.0,,,292200.0,,,,,,708500.0,691600.0,581600.0,,,,
Morris / Madison / 07054,,,,,,,,,,393200.0,550900.0,,,556800.0,,1002400.0,
Morris / Madison / 07869,303600.0,,,,,,1596800.0,,,,584800.0,379800.0,1305800.0,,582200.0,380100.0,
Morris / Madison / 07928,323300.0,310100.0,211000.0,,,,,,,562000.0,570600.0,561200.0,497400.0,,,,
Morris / Madison / 07940,,,,,,,850600.0,,,,705300.0,680400.0,,,,,
Morris / Madison / 07945,559700.0,508100.0,,,,,,,,,,454900.0,,,,379700.0,
Morris / Madison / 07960,,356800.0,,,,,,771600.0,1119700.0,,665100.0,796700.0,,880600.0,771700.0,574400.0,
Morris / Mendham / 07054,364700.0,,,,,,,,,,721200.0,688700.0,946000.0,,,,
Morris / Mendham / 07869,,,,,,,,,,481200.0,1006800.0,655500.0,,,,,
Morris / Mendham / 07928,159100.0,,,,,,,,,619600.0,,,501900.0,,392900.0,,
Morris / Mendham / 07940,292200.0,,198500.0,,,,,,,,,462600.0,1069900.0,961200.0,631300.0,,
Morris / Mendham / 07945,141400.0,,,,,,,,,,588100.0,630200.0,1512100.0,,385100.0,,
Morris / Mendham / 07960,,,,,,,968200.0,,,,867600.0,401400.0,,,,,
Morris / Morristown / 07054,505200.0,298200.0,,,,,1160900.0,,988000.0,,,,,,,,
Morris / Morristown / 07869,362900.0,,,,,,,947100.0,,,446800.0,469600.0,807400.0,918200.0,,,
Morris / Morristown / 07928,,,,,,888700.0,,,,,743400.0,546400.0,,,987400.0,,
Morris / Morristown / 07940,,257600.0,,,,,,,,721600.0,382100.0,642200.0,,,,432900.0,
Morris / Morristown / 07945,207800.0,,,,,,,,,,462000.0,768300.0,,,705400.0,394600.0,
Morris / Morristown / 07960,,,,,,,,1194600.0,,,,458200.0,,,559200.0,,
Morris / Parsippany / 07054,322400.0,,,,,1009300.0,,1607000.0,,,484100.0,335800.0,253400.0,849300.0,,370800.0,
Morris / Parsippany / 07869,251600.0,424200.0,,,,,,,,518800.0,466800.0,,697000.0,,430500.0,499100.0,
Morris / Parsippany / 07928,214400.0,180500.0,,,,,,,,,524000.0,806000.0,550900.0,,,,
Morris / Parsippany / 07940,228000.0,305000.0,,,,,738300.0,,,,1063900.0,403700.0,593500.0,,,,
Morris / Parsippany / 07945,164900.0,,392100.0,,,,917000.0,,,,632200.0,444200.0,,,,837400.0,
Morris / Parsippany / 07960,379100.0,313600.0,,,,,,,,,,521700.0,,720800.0,,631700.0,
Morris / Randolph / 07054,164300.0,,,,413300.0,,,,,543700.0,446900.0,,605500.0,,,,494400.0
Morris / Randolph / 07869,,,,,,,,,,,215800.0,724400.0,579900.0,,,,
Morris / Randolph / 07928,315400.0,,,,,,,1170400.0,,,511200.0,492800.0,575000.0,,,,
Morris / Randolph / 07940,,,,,,720000.0,,,,757200.0,557700.0,553800.0,736000.0,679500.0,689800.0,,
Morris / Randolph / 07945,,,355300.0,,,,,,,,599300.0,1036300.0,806600.0,630800.0,,,
Morris / Randolph / 07960,,,,,,,,,,,479900.0,401900.0,,,,533900.0,
Ocean / Brick / 08527,,202200.0,,,,,,,,,240600.0,170800.0,354900.0,,298300.0,,
Ocean / Brick / 08701,300300.0,243500.0,,,,,475400.0,479300.0,821400.0,,,343600.0,,,,,
Ocean / Brick / 08723,,,,,259100.0,,,,914100.0,,,395900.0,,,270600.0,,
Ocean / Brick / 08742,,299000.0,,,,,,,,348100.0,,443000.0,,,391400.0,,
Ocean / Brick / 08753,,254500.0,,,,,,542800.0,633900.0,417900.0,470600.0,460500.0,,,363700.0,,
Ocean / Brick / 08759,244900.0,430700.0,,,,,,,,367700.0,430800.0,540700.0,236900.0,,406700.0,,
Ocean / Jackson / 08527,218900.0,348700.0,,,,,,,,,,396700.0,512600.0,580500.0,,604800.0,
Ocean / Jackson / 08701,222200.0,,,,,,,,,151500.0,356400.0,497800.0,,,,481200.0,
Ocean / Jackson / 08723,288200.0,,264200.0,,,,,,,,442600.0,,,,,575600.0,
Ocean / Jackson / 08742,,,,,240400.0,,,,,295700.0,389400.0,430900.0,491400.0,433600.0,,,
Ocean / Jackson / 08753,,,223900.0,,,,,,,,271200.0,573800.0,480200.0,,,,
Ocean / Jackson / 08759,,,,,,,,,,,345300.0,356200.0,,,369400.0,392100.0,
Ocean / Lakewood / 08527,,,,,,,,,546100.0,,355600.0,365900.0,,,,374900.0,
Ocean / Lakewood / 08701,,,328300.0,,,,,,708400.0,338000.0,406900.0,485900.0,415100.0,626600.0,,,
Ocean / Lakewood / 08723,,,213400.0,,,,,,,,514500.0,422400.0,506000.0,,417900.0,424000.0,
Ocean / Lakewood / 08742,225400.0,,,,,,,,837100.0,,558500.0,576800.0,626600.0,285500.0,,,
Ocean / Lakewood / 08753,,226400.0,,,,,,,,,,332300.0,415600.0,450200.0,,,
Ocean / Lakewood / 08759,,,,,,,,,,,478000.0,6266000.0,,377500.0,,,
Ocean / Manchester / 08527,,,,,,,,,,,414900.0,688100.0,450200.0,,,,
Ocean / Manchester / 08701,131800.0,,,,,,,,851500.0,,538300.0,398300.0,364200.0,,248300.0,435900.0,
Ocean / Manchester / 08723,264000.0,268700.0,,,,,,,,266000.0,561400.0,467600.0,552600.0,716700.0,356200.0,,
Ocean / Manchester / 08742,,,140300.0,,,,450800.0,,,,322200.0,492600.0,518800.0,,,,
Ocean / Manchester / 08753,229000.0,297200.0,,,,,,,699700.0,,551100.0,379200.0,586500.0,,,,
Ocean / Manchester / 08759,,157800.0,,,,,,,,254200.0,401600.0,,556500.0,,504900.0,,
Ocean / Point Pleasant / 08527,212300.0,,,,,,,,846400.0,,,503500.0,535300.0,,,,
Ocean / Point Pleasant / 08701,198700.0,136200.0,,,,,,738300.0,,,661300.0,314900.0,372200.0,,,,
Ocean / Point Pleasant / 08723,220400.0,214000.0,,,,,,,,,,418600.0,511200.0,,332500.0,,
Ocean / Point Pleasant / 08742,,,321300.0,,,,,,,426500.0,333100.0,,,,,,
Ocean / Point Pleasant / 08753,,,,,116700.0,,,741900.0,499700.0,,438100.0,367800.0,630600.0,,459300.0,,432900.0
Ocean / Point Pleasant / 08759,102700.0,,438100.0,,,,,,,,324800.0,844700.0,438700.0,,,285000.0,
Ocean / Toms River / 08527,303000.0,,,,,,,,,337100.0,568300.0,182300.0,,,,,
Ocean / Toms River / 08701,,,,,,,,,,,333200.0,361300.0,,333500.0,469500.0,524100.0,
Ocean / Toms River / 08723,243700.0,,,,,,,,,385100.0,340900.0,444500.0,377600.0,,344200.0,345200.0,
Ocean / Toms River / 08742,165800.0,211100.0,,,,561300.0,,,844800.0,,426600.0,654200.0,146800.0,,,,302800.0
Ocean / Toms River / 08753,,,,,,,,,,,422900.0,,533600.0,,359800.0,,
Ocean / Toms River / 08759,203000.0,,,,,,,,449600.0,,548200.0,456400.0,328600.0,442900.0,,396100.0,
Passaic / Clifton / 07011,260100.0,237500.0,,,,,,,,337500.0,508400.0,574300.0,595800.0,,586600.0,,
Passaic / Clifton / 07055,229200.0,,,,384100.0,,,778900.0,461600.0,,488800.0,483600.0,655000.0,,,,
Passaic / Clifton / 07470,225300.0,407500.0,,,,,,,786400.0,373600.0,367800.0,411200.0,396300.0,,,409600.0,
Passaic / Clifton / 07501,225400.0,332500.0,189400.0,,269500.0,,,,,277100.0,568900.0,479100.0,,,392000.0,479800.0,
Passaic / Clifton / 07506,,158000.0,,,,,,,488600.0,,540300.0,521000.0,974300.0,,,,
Passaic / Hawthorne / 07011,225400.0,245700.0,,,241700.0,,,,646400.0,,295000.0,599000.0,,,,406000.0,
Passaic / Hawthorne / 07055,86600.0,297800.0,,,,,,,1200900.0,,475000.0,654400.0,,,282700.0,,
Passaic / Hawthorne / 07470,,224800.0,187900.0,,,,,,1008200.0,,588600.0,531500.0,551500.0,,602500.0,458000.0,
Passaic / Hawthorne / 07501,169900.0,,,,568100.0,,,640100.0,,,500800.0,554900.0,414400.0,,,,
Passaic / Hawthorne / 07506,,,,,,,,,638600.0,803600.0,334000.0,779700.0,527400.0,,,,
Passaic / Passaic / 07011,232200.0,132200.0,,,,,,,,441600.0,672300.0,441000.0,668800.0,,,494000.0,
Passaic / Passaic / 07055,137900.0,240800.0,302700.0,,,1177800.0,,,1293700.0,,,495900.0,372500.0,,,306200.0,
Passaic / Passaic / 07470,,279500.0,401500.0,,272800.0,,,,,644800.0,486600.0,531200.0,,775500.0,,,
Passaic / Passaic / 07501,317100.0,211700.0,,,630900.0,,,,,,514600.0,493600.0,622500.0,718700.0,485900.0,722400.0,
Passaic / Passaic / 07506,225400.0,,,,,,,,,257300.0,388000.0,740400.0,,,444200.0,,
Passaic / Paterson / 07011,,229300.0,,,,,,,,365800.0,,528800.0,438200.0,,,568100.0,
Passaic / Paterson / 07055,,273500.0,296300.0,,,,,,,,451100.0,477600.0,632100.0,,392100.0,378200.0,
Passaic / Paterson / 07470,,,,,349400.0,,,,,,,403300.0,436400.0,,467900.0,,
Passaic / Paterson / 07501,,,,,,,,,1451000.0,,295900.0,680000.0,512200.0,505800.0,,362600.0,492800.0
Passaic / Paterson / 07506,229600.0,279000.0,,,,,,,,368000.0,,483500.0,,,,,
Passaic / Wayne / 07011,196600.0,,,,958400.0,,,,,556000.0,,318300.0,656800.0,,,,
Passaic / Wayne / 07055,305400.0,237600.0,,,248800.0,,,946800.0,,297000.0,422900.0,,557700.0,540500.0,431800.0,,
Passaic / Wayne / 07470,,,349300.0,,,,,,678000.0,531800.0,508600.0,492600.0,555200.0,,405600.0,,
Passaic / Wayne / 07501,293100.0,,,188300.0,,,,,,510600.0,895300.0,,676100.0,,,,
Passaic / Wayne / 07506,,323300.0,261300.0,,81100.0,,,586100.0,,,370000.0,462500.0,577000.0,532400.0,337800.0,,
Salem / Carneys Point / 08069,56400.0,109100.0,,,,640400.0,,,459200.0,149500.0,207200.0,189600.0,210300.0,228100.0,,204000.0,
Salem / Carneys Point / 08070,114700.0,103500.0,50000.0,,,,,452400.0,419200.0,168200.0,233100.0,208400.0,259000.0,,148700.0,,
Salem / Carneys Point / 08079,1089800.0,56500.0,,,363400.0,,,298000.0,318400.0,219300.0,148300.0,227200.0,279000.0,,364100.0,229000.0,
Salem / Penns Grove / 08069,117400.0,105900.0,,,,173600.0,292000.0,,,,178800.0,190600.0,286800.0,240400.0,156400.0,191500.0,
Salem / Penns Grove / 08070,,94400.0,,,74400.0,,325100.0,,483600.0,188600.0,277000.0,199300.0,164100.0,191500.0,193200.0,170300.0,218200.0
Salem / Penns Grove / 08079,,147900.0,108200.0,,175400.0,,,295800.0,393900.0,233200.0,286500.0,239400.0,90000.0,193200.0,191200.0,,151500.0
Salem / Pennsville / 08069,152000.0,101300.0,,,,,,,412000.0,,241300.0,217500.0,286400.0,293400.0,188400.0,228300.0,
Salem / Pennsville / 08070,,114500.0,166400.0,,,,,501300.0,,223600.0,149200.0,263500.0,173400.0,338900.0,165300.0,101400.0,
Salem / Pennsville / 08079,98200.0,98400.0,,,108000.0,,,,,264500.0,160400.0,220000.0,206500.0,208400.0,175000.0,227400.0,
Salem / Salem / 08069,,133600.0,,,,,,407800.0,,224400.0,230000.0,223900.0,186000.0,,,179800.0,
Salem / Salem / 08070,104200.0,,,,219700.0,,,,,,169600.0,261600.0,226700.0,,199400.0,190000.0,
Salem / Salem / 08079,134600.0,132800.0,,,,,,467600.0,419900.0,,140600.0,266800.0,185700.0,,,151500.0,
Somerset / Bernards / 07920,,,,,,652700.0,,,,,806500.0,505400.0,,,,,559900.0
Somerset / Bernards / 08807,318700.0,,443700.0,,351800.0,,,,,,844800.0,1001500.0,,,,,
Somerset / Bernards / 08844,,208300.0,586900.0,,,,,941500.0,,563600.0,,466200.0,758200.0,,640200.0,,
Somerset / Bernards / 08873,258300.0,,762000.0,,,,1440800.0,808900.0,826200.0,618800.0,,677500.0,1052300.0,595600.0,545100.0,,
Somerset / Bernards / 08876,395400.0,,,,,,,,,249900.0,491200.0,594800.0,667000.0,,,,
Somerset / Bridgewater / 07920,204400.0,297500.0,,,518900.0,,,,,,618300.0,831900.0,,,,,
Somerset / Bridgewater / 08807,173200.0,,,,,,,1634700.0,,694700.0,532400.0,538000.0,,,,251100.0,
Somerset / Bridgewater / 08844,200100.0,,,,131200.0,,1130000.0,,1375500.0,450800.0,896600.0,840800.0,901100.0,,,,
Somerset / Bridgewater / 08873,238500.0,,,,,,,,,,610900.0,583500.0,764500.0,1205300.0,,559800.0,
Somerset / Bridgewater / 08876,365600.0,,,,,560900.0,,912200.0,,,586200.0,601300.0,767700.0,,464600.0,,
Somerset / Franklin / 07920,398300.0,282400.0,337600.0,,,,,,,,,715400.0,389700.0,,,,
Somerset / Franklin / 08807,184000.0,,,,398900.0,1158700.0,,,,502500.0,726700.0,400600.0,236700.0,,,,
Somerset / Franklin / 08844,,353200.0,,,,,,982100.0,,,923100.0,733200.0,786400.0,1033300.0,,,
Somerset / Franklin / 08873,324300.0,,,,263900.0,,,,934900.0,,,717500.0,285000.0,,498400.0,,
Somerset / Franklin / 08876,369200.0,496100.0,386000.0,,464600.0,,1075000.0,1023900.0,,,,421100.0,856600.0,,,344800.0,
Somerset / Hillsborough / 07920,,,346900.0,,,1026700.0,798900.0,811300.0,,620200.0,648600.0,610300.0,1032300.0,,,,
Somerset / Hillsborough / 08807,,,,,167600.0,,,,1493900.0,446800.0,604800.0,626700.0,608700.0,393000.0,,,
Somerset / Hillsborough / 08844,448200.0,253800.0,,,,,,,1243800.0,,550900.0,652400.0,600200.0,687200.0,558600.0,463100.0,474800.0
Somerset / Hillsborough / 08873,319200.0,,,,,,,,967500.0,582900.0,497800.0,800100.0,1006100.0,1117000.0,,,
Somerset / Hillsborough / 08876,,,,,,,828200.0,,,,1091800.0,674100.0,,,,,
Somerset / Somerville / 07920,418000.0,590900.0,,,,,,,,642000.0,447600.0,,,624400.0,,,422900.0
Somerset / Somerville / 08807,,,225800.0,,,,,,,,474000.0,335800.0,,,325500.0,,545300.0
Somerset / Somerville / 08844,,290100.0,,,,,,,1290300.0,,465600.0,490700.0,715000.0,436700.0,520200.0,530800.0,
Somerset / Somerville / 08873,,278400.0,326200.0,,,,,,,,,644500.0,706800.0,,,498500.0,
Somerset / Somerville / 08876,311000.0,,475000.0,,911100.0,,,,,,217800.0,755300.0,,,490500.0,,
Sussex / Hardyston / 07419,,129700.0,,,523200.0,,,,526500.0,,155400.0,,466800.0,695900.0,,,311600.0
Sussex / Hardyston / 07462,,229900.0,,,,,,,,,355600.0,432300.0,314600.0,384600.0,,,
Sussex / Hardyston / 07843,119600.0,180100.0,,,442100.0,,,8546600.0,,,396000.0,279100.0,268500.0,777100.0,,325300.0,
Sussex / Hardyston / 07860,,242900.0,,,,,409400.0,,,,369500.0,479500.0,621600.0,536100.0,305000.0,,
Sussex / Hardyston / 07871,,,,,205800.0,556400.0,,,,,408900.0,252000.0,434000.0,383300.0,468200.0,,
Sussex / Hopatcong / 07419,,,,,,,,,1013300.0,317100.0,372200.0,234000.0,672700.0,,,,
Sussex / Hopatcong / 07462,,199400.0,,,,,,1025200.0,,,,502900.0,386500.0,528200.0,,350800.0,286700.0
Sussex / Hopatcong / 07843,258700.0,,,,,555800.0,,,,,422400.0,458800.0,551300.0,,,327600.0,
Sussex / Hopatcong / 07860,264800.0,,,,,,,,702400.0,230700.0,153900.0,342800.0,409200.0,,,,261000.0
Sussex / Hopatcong / 07871,206300.0,173000.0,,,,,,,,,489400.0,315900.0,405800.0,415400.0,294000.0,272100.0,
Sussex / Newton / 07419,,247500.0,,,308900.0,,,,,372400.0,502700.0,544800.0,452900.0,,304200.0,270600.0,
Sussex / Newton / 07462,102800.0,,,,,,,,,,,363000.0,334100.0,646400.0,330900.0,365100.0,
Sussex / Newton / 07843,156000.0,,272000.0,,534600.0,,,,639500.0,352200.0,381400.0,259400.0,470500.0,,,370800.0,
Sussex / Newton / 07860,,185700.0,,,,,570600.0,,,325200.0,330000.0,399100.0,445700.0,455400.0,,,
Sussex / Newton / 07871,,179800.0,,,,,,,603000.0,299500.0,,379700.0,157600.0,554000.0,,,275300.0
Sussex / Sparta / 07419,229200.0,,,,,,,,,,,368300.0,540800.0,,,,
Sussex / Sparta / 07462,,198500.0,,,,,,716400.0,,432900.0,519000.0,434600.0,425500.0,,,291400.0,
Sussex / Sparta / 07843,132900.0,134200.0,,,,,,768900.0,,,254500.0,409200.0,139200.0,,,,
Sussex / Sparta / 07860,195000.0,117800.0,,,,,,,,150300.0,,350200.0,,,,285400.0,
Sussex / Sparta / 07871,154500.0,245500.0,,,,394900.0,,,,,,350500.0,413600.0,,,,
Sussex / Vernon / 07419,,264400.0,,,,,469100.0,,,,352400.0,,,595700.0,158100.0,,
Sussex / Vernon / 07462,245700.0,184700.0,149600.0,,,,,,,333000.0,,,292000.0,510300.0,,,
Sussex / Vernon / 07843,,,,,,,,,,363300.0,717600.0,584200.0,,,311400.0,,
Sussex / Vernon / 07860,,235000.0,,,,,,,,,176400.0,406800.0,,,,353000.0,
Sussex / Vernon / 07871,,,,,,,,,,,212300.0,449000.0,246800.0,,438100.0,,
Union / Cranford / 07016,263000.0,,,,,,,,,593000.0,343400.0,365500.0,419800.0,,488200.0,,
Union / Cranford / 07060,,,,,,,,,,,,586300.0,456000.0,,,581900.0,
Union / Cranford / 07083,470700.0,378400.0,,,480100.0,,,,991600.0,,,353200.0,,,,,
Union / Cranford / 07090,166200.0,,,,,,,,,,429000.0,,,429700.0,,,
Union / Cranford / 07201,,,,,,,,,,465500.0,332000.0,678400.0,652700.0,,,,
Union / Cranford / 07901,248600.0,167400.0,,,,,,,1133600.0,344800.0,,686100.0,797200.0,421300.0,,,
Union / Elizabeth / 07016,,323600.0,,,,,601100.0,,1054100.0,,,443500.0,660800.0,,494600.0,,
Union / Elizabeth / 07060,,355800.0,,,,,,,,,,683200.0,941400.0,406200.0,658400.0,330900.0,
Union / Elizabeth / 07083,227100.0,195200.0,,,478100.0,,,,1017000.0,,428800.0,394400.0,940200.0,,,412200.0,
Union / Elizabeth / 07090,181600.0,,,,,,,,,,,398600.0,677300.0,,,453100.0,
Union / Elizabeth / 07201,,369600.0,287100.0,,192900.0,,,,,589000.0,488700.0,736100.0,,720500.0,,,
Union / Elizabeth / 07901,232400.0,138100.0,,,329800.0,,909400.0,,,,480200.0,,800700.0,,,,
Union / Plainfield / 07016,,230500.0,386100.0,,1248700.0,,,,1597900.0,475800.0,,684500.0,,,,,
Union / Plainfield / 07060,,,221700.0,,,,1149900.0,,,,,727500.0,,,,,
Union / Plainfield / 07083,,,,,,,,,,,735200.0,,,,467200.0,,
Union / Plainfield / 07090,130800.0,306800.0,,,,,,,,,,765400.0,451600.0,,,,
Union / Plainfield / 07201,227100.0,,,,,,1154900.0,,1028200.0,,533200.0,560400.0,544800.0,,,404300.0,
Union / Plainfield / 07901,,305300.0,,,,,,,,422800.0,1001800.0,716800.0,,,,,
Union / Summit / 07016,263800.0,,,,,,,,,420400.0,,293000.0,,,,,
Union / Summit / 07060,214200.0,,,,,,,,496800.0,,545700.0,522800.0,558500.0,,580800.0,,
Union / Summit / 07083,,,,,,,,,,529300.0,,889200.0,717200.0,,436700.0,,
Union / Summit / 07090,344600.0,,,,,,,,,,649200.0,597800.0,,,,565000.0,
Union / Summit / 07201,,,,,,,,,,,,686300.0,365400.0,,542700.0,,
Union / Summit / 07901,521800.0,,,,,,,,527700.0,,551500.0,375400.0,586200.0,322600.0,302900.0,344300.0,
Union / Union / 07016,257200.0,367700.0,,,,,,,895700.0,,278600.0,,594900.0,,238400.0,,
Union / Union / 07060,,300100.0,,,,,,,,,559200.0,652200.0,662900.0,,435000.0,,
Union / Union / 07083,392700.0,,,,303400.0,,,,,,,522500.0,767700.0,,491100.0,538300.0,
Union / Union / 07090,479500.0,179400.0,,,,,,,,,536200.0,266600.0,641200.0,,546400.0,,410100.0
Union / Union / 07201,,,,,,,,,,,,644400.0,,337500.0,,341900.0,519500.0
Union / Union / 07901,,,141100.0,,,,,,,,442400.0,578000.0,,,529800.0,,
Union / Westfield / 07016,,,447000.0,,,,,,,,370600.0,355400.0,,,,,
Union / Westfield / 07060,,217100.0,,,,,,,1000400.0,,,454600.0,560900.0,411200.0,,594400.0,
Union / Westfield / 07083,351300.0,391000.0,,,284500.0,,545700.0,,,,,446600.0,,,,,
Union / Westfield / 07090,,332200.0,,,,,,,,,482500.0,481000.0,,,,446400.0,
Union / Westfield / 07201,439800.0,234700.0,,,,,,817300.0,,,345800.0,258400.0,677000.0,,225900.0,,
Union / Westfield / 07901,,123200.0,,,,,,,,,292900.0,816100.0,743900.0,626100.0,,,
Warren / Hackettstown / 07840,193300.0,,225200.0,,186600.0,,,,,218900.0,248200.0,480900.0,432200.0,449700.0,520900.0,336500.0,
Warren / Hackettstown / 07882,131500.0,,222100.0,,,,,,637800.0,377100.0,294100.0,458900.0,364800.0,337100.0,235100.0,,
Warren / Hackettstown / 08865,316100.0,111400.0,,,150700.0,,,,460900.0,279600.0,,339200.0,364200.0,496900.0,,491900.0,
Warren / Mansfield / 07840,174600.0,180000.0,,,,,,,1102100.0,417700.0,370400.0,500000.0,422500.0,784200.0,310200.0,363800.0,
Warren / Mansfield / 07882,288100.0,212600.0,,,386300.0,,,,802100.0,301100.0,319500.0,334400.0,590200.0,569200.0,263200.0,480500.0,
Warren / Mansfield / 08865,177000.0,276700.0,,,190400.0,,,482700.0,,339000.0,363500.0,517200.0,486400.0,,386800.0,350000.0,
Warren / Phillipsburg / 07840,236400.0,206600.0,,,,,,327900.0,985400.0,341200.0,403300.0,496000.0,447800.0,571400.0,,,
Warren / Phillipsburg / 07882,178600.0,181600.0,,,252000.0,,,,,,378900.0,462400.0,,,353500.0,,
Warren / Phillipsburg / 08865,140600.0,242200.0,173100.0,,407600.0,,,,,346400.0,272000.0,336600.0,394000.0,292500.0,287300.0,428400.0,
Warren / Washington / 07840,244800.0,,230400.0,,,,604500.0,,753500.0,359100.0,419800.0,221800.0,360200.0,,331600.0,,
Warren / Washington / 07882,155700.0,,194300.0,,98100.0,,,,,,353900.0,400400.0,454400.0,,178500.0,294400.0,
Warren / Washington / 08865,242900.0,,,,,,,1062300.0,,,246800.0,457700.0,363000.0,,256300.0,180200.0,
